FishId,FishName,ScientificName,Category,Family,Rarity,MinLength_cm,MaxLength_cm,MinWeight_kg,MaxWeight_kg,HabitatLayer,ActiveTime,PreferredBait,FightPower,BasePrice_Gold,ExpReward,BaseMutationRate,Description
1,鲫鱼,Carassius auratus,淡水鱼,鲤科 Cyprinidae,1,10.0,35.0,0.03,1.2,底层,全天,1;3;6;23;24;28;30,2,15,10,0.02,体侧扁而高，银灰色腹部浅白。适应力极强的广布鱼种，耐低氧耐低温。杂食性，以水草、浮游生物和底栖无脊椎动物为食。钓鱼人的入门导师。
2,鲤鱼,Cyprinus carpio,淡水鱼,鲤科 Cyprinidae,2,20.0,100.0,0.25,30.0,底层,全天,1;2;4;23;26;27,6,40,25,0.03,"体延长侧扁，金黄至青铜色，口角有须两对。跃出水面力量惊人，是淡水钓的终极目标之一。野生个体狡猾谨慎，号称""淡水之王""。"
3,草鱼,Ctenopharyngodon idella,淡水鱼,鲤科 Cyprinidae,2,25.0,120.0,0.30,35.0,中下层,白天,4;23;26;27;29,7,50,30,0.02,"体圆筒形青黄色，头部扁平。典型的草食性鱼类，以水生植物为主食。生长迅速，中钩后爆发力极强，常上演""拔河大战""。"
4,鲢鱼,Hypophthalmichthys molitrix,淡水鱼,鲤科 Cyprinidae,2,25.0,100.0,0.30,20.0,中上层,白天,23;25;26;29,5,35,20,0.02,体侧扁银白色，眼位低。滤食性鱼类，以浮游植物为食。受惊时成群跃出水面，场面壮观。水质清道夫，养殖水域的标配。
5,鳙鱼,Hypophthalmichthys nobilis,淡水鱼,鲤科 Cyprinidae,2,30.0,120.0,0.50,40.0,中上层,白天,23;25;26;29,6,45,28,0.02,"头大无比占体长三分之一，体侧有黑色斑纹。俗称""胖头鱼""或""花鲢""，以浮游动物为主食。大个体中钩后耐力惊人。"
6,青鱼,Mylopharyngodon piceus,淡水鱼,鲤科 Cyprinidae,4,40.0,150.0,1.20,70.0,底层,夜间,2;7;34;27;26,8,120,70,0.04,体长圆筒形青黑色，咽齿发达可压碎螺壳。淡水肉食巨物，以螺蛳、蚌类为主食。力量为王，是淡水钓的巅峰挑战。
7,鳊鱼,Parabramis pekinensis,淡水鱼,鲤科 Cyprinidae,2,15.0,45.0,0.08,1.80,中下层,白天,1;4;23;24;28,3,25,15,0.02,"体侧扁呈菱形，银灰色。俗称""武昌鱼""之近亲，肉质鲜美。群居性强，一旦找到鱼群便是连竿的节奏。"
8,鲮鱼,Cirrhinus molitorella,淡水鱼,鲤科 Cyprinidae,3,15.0,50.0,0.08,2.50,底层,白天,1;3;23;26;28,4,35,20,0.03,体延长侧扁，唇部发达。南方水域特有暖水鱼，不耐低温。集群活动，咬口凶猛，拉力持久，是南方钓友的最爱。
9,白条,Hemiculter leucisculus,淡水鱼,鲤科 Cyprinidae,1,8.0,20.0,0.01,0.12,表层,白天,3;4;6;24;25;30,1,8,5,0.01,体细长银白，遍布各种淡水水域。上层群游小鱼，见饵就抢毫无防备，是初学者练手的最佳对象，也是大型掠食鱼的天然饵料。
10,翘嘴红鲌,Erythroculter ilishaeformis,淡水鱼,鲤科 Cyprinidae,4,25.0,80.0,0.30,8.00,中上层,晨昏,5;9;11;13;14,7,80,45,0.04,"嘴部上翘呈特征性姿态，体延长银白。凶猛掠食性，常在清晨黄昏炸水追小鱼。路亚爱好者的梦幻目标，被称""淡水GT""。"
11,蒙古红鲌,Chanodichthys mongolicus,淡水鱼,鲤科 Cyprinidae,3,18.0,55.0,0.15,3.00,中上层,晨昏,9;11;13;14,6,50,30,0.03,与翘嘴相似但体型略小，体色较深。同样凶猛追食小鱼，咬口干脆利落，中钩后疯狂洗鳃试图脱钩。
12,黄尾鲴,Xenocypris davidi,淡水鱼,鲤科 Cyprinidae,2,12.0,35.0,0.04,1.00,底层,白天,1;3;28;30,3,20,12,0.02,尾鳍下叶金黄色，体延长侧扁。刮食水底藻类和有机碎屑。手感细腻，需精细调漂才能抓准口。
13,三角鲂,Megalobrama terminalis,淡水鱼,鲤科 Cyprinidae,3,18.0,55.0,0.15,3.50,中下层,白天,1;4;23;24;28,4,40,22,0.03,体菱形银灰，肉质极鲜。长江流域原产名贵食用鱼，生性机警。中钩后左右冲刺，对钓组要求高。
14,团头鲂,Megalobrama amblycephala,淡水鱼,鲤科 Cyprinidae,2,15.0,45.0,0.10,2.00,中下层,白天,1;4;23;24;28,3,30,18,0.02,"俗称武昌鱼，体菱形灰黑。毛主席""才饮长沙水，又食武昌鱼""使其名扬天下。肉质细嫩无细刺，是餐桌上的上品。"
15,麦穗鱼,Pseudorasbora parva,淡水鱼,鲤科 Cyprinidae,1,4.0,10.0,0.002,0.02,底层,全天,3;6;24;30,1,2,2,0.005,体小如麦穗，灰褐色。最普通的小杂鱼，但也是生态链重要一环。钓到它说明窝子里还没来大鱼，耐心等待。
16,棒花鱼,Abbottina rivularis,淡水鱼,鲤科 Cyprinidae,1,5.0,12.0,0.003,0.03,底层,白天,1;3;6;28,1,3,2,0.005,体细长具黑色斑点纵纹，嘴巴尖尖朝下。趴在水底翻砂觅食底层小生物，是水质清洁度的指示生物。
17,花䱻,Hemibarbus maculatus,淡水鱼,鲤科 Cyprinidae,2,12.0,35.0,0.04,1.20,底层,白天,1;2;3;28,3,25,15,0.02,"体延长侧扁，体侧有黑色斑点排成纵行。俗称""花骨鱼""，肉质鲜美少刺。咬口轻微需要敏锐的浮漂调校。"
18,唇䱻,Hemibarbus labeo,淡水鱼,鲤科 Cyprinidae,3,15.0,45.0,0.08,2.00,底层,夜间,2;7;28,4,35,20,0.03,唇部肥厚突出是其最显著特征。比花䱻更大更凶猛，夜间觅食活跃。嘴硬难刺穿，需要锋利大钩。
19,赤眼鳟,Squaliobarbus curriculus,淡水鱼,鲤科 Cyprinidae,3,18.0,50.0,0.15,3.00,中上层,白天,4;5;9;11;13,5,45,25,0.03,眼上缘有一块红斑极为醒目，体延长梭形。介于鲤科和凶猛鱼之间的半路亚对象鱼，有时追小鱼有时吃素。
20,马口鱼,Opsariichthys bidens,淡水鱼,鲤科 Cyprinidae,3,10.0,30.0,0.02,0.50,中上层,白天,4;5;9;11;13,5,40,22,0.03,口裂极大几乎达眼后，体侧有蓝绿条纹。小型凶猛路亚目标，雄鱼繁殖期婚姻色极为艳丽，是溪流钓的颜值担当。
21,宽鳍鱲,Zacco platypus,淡水鱼,鲤科 Cyprinidae,2,8.0,22.0,0.01,0.20,中上层,白天,3;4;5;11,3,20,12,0.02,体侧有多条蓝色横纹，鳍宽大。溪流小型路亚鱼种，群居活动。与马口鱼共享栖息地，但体型更小色彩更绚烂。
22,泥鳅,Misgurnus anguillicaudatus,淡水鱼,鳅科 Cobitidae,1,8.0,25.0,0.005,0.15,底层,夜间,1;2;3;6;10;28,1,10,6,0.01,体细长如小蛇，口周有触须5对。能在低氧环境用肠道呼吸空气。滑不溜丢，徒手根本抓不住。
23,大鳞副泥鳅,Paramisgurnus dabryanus,淡水鱼,鳅科 Cobitidae,2,10.0,30.0,0.01,0.25,底层,夜间,1;2;3;10,2,15,10,0.01,鳞片比普通泥鳅大，体型也更粗壮。习性与泥鳅相似但生长更快。冬季钻入泥中冬眠，春天才重新活跃。
24,锦鲤,Cyprinus rubrofuscus,淡水鱼,鲤科 Cyprinidae,5,15.0,90.0,0.10,20.0,中下层,白天,4;23;26;27;29,5,150,80,0.08,人工选育的观赏鲤，色彩斑斓有红白金黑等色斑。价值连城的活宝石，在野外偶遇逃逸个体如同中彩票。
25,金鱼,Carassius auratus var.,淡水鱼,鲤科 Cyprinidae,3,5.0,25.0,0.005,0.50,全层,白天,3;4;24;25;29,1,30,15,0.05,中国千年人工选育的观赏鱼，品种繁多形态各异。野生型呈金黄色，在开阔水域中极为显眼也极为脆弱。
26,胭脂鱼,Myxocyprinus asiaticus,淡水鱼,亚口鱼科 Catostomidae,6,15.0,80.0,0.08,8.00,底层,白天,1;2;10;26,5,200,100,0.07,幼鱼体侧有三条黑色斜纹如斑马，成年变为通体胭脂红。长江上游特有珍稀鱼种，国家二级保护动物，能钓到是毕生荣耀。
27,欧亚丁鱥,Tinca tinca,淡水鱼,鲤科 Cyprinidae,4,15.0,50.0,0.10,3.00,底层,夜间,1;2;7;27,5,60,35,0.04,体粗壮橄榄绿色，鳞片细小被厚黏液覆盖。欧洲传统医鱼，据说其黏液能治愈其他鱼的伤口。夜行性，白天藏在泥中。
28,鲶鱼,Silurus asotus,淡水鱼,鲶科 Siluridae,3,25.0,80.0,0.20,7.00,底层,夜间,2;7;9;34,6,55,30,0.04,体延长无鳞，大口宽扁有须两对。无鳞滑腻的夜间掠食者，嗅觉极其敏锐。白天藏身石缝树根下，夜间出击吞食一切能入口的活物。
29,大口鲶,Silurus meridionalis,淡水鱼,鲶科 Siluridae,5,40.0,150.0,1.00,50.0,底层,夜间,2;7;9;34,8,180,95,0.06,南方巨型鲶鱼，口裂极大能吞下自身一半大的猎物。长江流域顶级掠食者，曾有人钓获重达60公斤的个体，是淡水怪兽的代名词。
30,胡子鲶,Clarias fuscus,淡水鱼,胡子鲶科 Clariidae,2,15.0,40.0,0.05,1.20,底层,夜间,1;2;6;7;24,4,25,15,0.03,"体延长灰褐色，口周有8条触须。俗称""塘鲺""，耐污能力极强。能在潮湿地面爬行迁移水域，生命力惊人。"
31,革胡子鲶,Clarias gariepinus,淡水鱼,胡子鲶科 Clariidae,3,20.0,60.0,0.15,3.50,底层,夜间,2;7;9;34,5,35,20,0.03,来自非洲的引入种，生长速度极快。比本土胡子鲶更大更凶猛，几乎什么都吃。入侵物种，在南方水域已形成自然种群。
32,黄颡鱼,Pelteobagrus fulvidraco,淡水鱼,鲿科 Bagridae,2,10.0,30.0,0.02,0.50,底层,夜间,1;2;3;7;10;28,3,20,10,0.02,"体黄色具褐色斑块，胸鳍和背鳍有毒刺。俗称""黄辣丁""或""昂刺鱼""，被扎到剧痛难忍。肉质极其鲜嫩，是高端淡水食用鱼。"
33,长吻鮠,Leiocassis longirostris,淡水鱼,鲿科 Bagridae,4,20.0,60.0,0.15,3.00,底层,夜间,2;7;10;28,4,80,45,0.04,"吻部极为突出如猪鼻，通体粉红。俗称""江团""，长江名贵鱼种。肉质肥美无细刺，苏轼曾赞其""粉红石首仍无骨""。"
34,斑鳠,Mystus guttatus,淡水鱼,鲿科 Bagridae,4,15.0,50.0,0.10,3.00,底层,夜间,2;7;9;10,5,70,40,0.04,"体灰褐散布黑色圆斑，脂鳍发达。南方山溪急流中的精灵，俗称""芝麻剑""。肉质紧实弹牙，被视为淡水极品。"
35,大鳍鳠,Mystus macropterus,淡水鱼,鲿科 Bagridae,3,12.0,35.0,0.04,1.50,底层,夜间,2;7;9;10,4,40,22,0.03,鳍条极为宽大如扇，游泳能力出众。与斑鳠共享栖息地，生性更为凶猛。遭遇时会有猛烈咬口和持续冲刺。
36,斑点叉尾鮰,Ictalurus punctatus,淡水鱼,鮰科 Ictaluridae,3,20.0,70.0,0.15,6.00,底层,夜间,2;7;9;34,5,50,28,0.03,原产北美，尾部深叉形，体散布黑色斑点。引进后成为重要养殖和游钓鱼种。嗅觉极度发达，夜间用腥饵钓效果最佳。
37,蓝鲶鱼,Ictalurus furcatus,淡水鱼,鮰科 Ictaluridae,5,30.0,120.0,0.50,30.0,底层,夜间,2;7;9;34,8,150,85,0.06,北美最大淡水鲶鱼之一，体蓝灰色。密西西比河的河中巨怪，顶级掠食者。钓获百斤级蓝鲶是北美钓鱼人的毕生梦想。
38,欧鲶,Silurus glanis,淡水鱼,鲶科 Siluridae,7,50.0,250.0,2.00,150.0,底层,夜间,2;7;9;34,10,500,250,0.08,世界最大淡水鲶鱼，欧洲河中巨兽。曾有人目击其捕食鸽子甚至小型犬。多瑙河流域传说级鱼种，能钓上一条便是终身成就。
39,鳜鱼,Siniperca chuatsi,淡水鱼,真鲈科 Percichthyidae,4,15.0,50.0,0.10,3.50,中下层,晨昏,5;7;8;9;13;16;17,6,100,55,0.05,体侧扁黄绿色有黑色斑块，口大无比。伏击型掠食者，伪装在岩石间突然暴起吞食。肉质蒜瓣状鲜美绝伦，是中国最名贵淡水食用鱼。
40,大眼鳜,Siniperca kneri,淡水鱼,真鲈科 Percichthyidae,3,12.0,35.0,0.05,1.20,中下层,晨昏,5;9;13;16;17,5,60,35,0.04,眼睛比例极大，体色较鳜鱼更深。习性相似但体型较小，栖息于更高海拔的清澈溪流。山路越崎岖它越活跃。
41,斑鳜,Siniperca scherzeri,淡水鱼,真鲈科 Percichthyidae,4,12.0,40.0,0.05,2.00,中下层,晨昏,5;9;13;16;17,5,75,42,0.05,体侧有密集黑色小斑，如星空般美丽。东北冷水溪流中的珍宝。生性比普通鳜鱼更暴烈，攻击饵料的决心极强。
42,大口黑鲈,Micropterus salmoides,淡水鱼,日鲈科 Centrarchidae,3,18.0,60.0,0.15,5.00,中上层,晨昏,5;8;9;11;13;14;16;17,7,65,35,0.04,原产北美，现为全球最热门路亚鱼种。嘴大能吞下自身体长一半的猎物。水面炸水咬饵是路亚最刺激的瞬间。
43,小口黑鲈,Micropterus dolomieu,淡水鱼,日鲈科 Centrarchidae,4,15.0,45.0,0.08,2.50,中层,白天,5;8;9;11;13;16;17,8,75,42,0.04,与大嘴鲈相比嘴更小体更苗条。中钩后疯狂跳跃洗鳃，搏鱼体验无与伦比。喜欢冷水激流，战斗力同级碾压。
44,黑鱼,Channa argus,淡水鱼,鳢科 Channidae,4,25.0,80.0,0.30,8.00,中上层,白天,5;7;9;14;16;34,8,90,50,0.05,"体延长墨绿色有黑斑，头顶具特殊呼吸器官可直接呼吸空气。又名""乌鳢""，离水数小时不死。护崽期极度凶猛，攻击一切靠近鱼苗的物体。"
45,线鳢,Channa striata,淡水鱼,鳢科 Channidae,5,20.0,70.0,0.20,6.00,中上层,白天,5;7;9;14;16;34,7,85,48,0.05,体侧有纵向条纹，东南亚常见大型鳢鱼。同样具备空气呼吸能力，能在干旱季节钻入泥中夏眠。泰国人视其为勇气的象征。
46,尼罗罗非鱼,Oreochromis niloticus,淡水鱼,丽鱼科 Cichlidae,1,12.0,40.0,0.04,1.80,中下层,白天,1;3;4;6;23;24;26;30,3,20,10,0.02,原产非洲，全球最广泛养殖的食用鱼之一。适应力极强，什么环境都能活。口孵繁殖，幼鱼遇危险会躲进妈妈嘴里。
47,莫桑比克罗非鱼,Oreochromis mossambicus,淡水鱼,丽鱼科 Cichlidae,1,10.0,35.0,0.03,1.20,中下层,白天,1;3;4;6;23;24;26,3,15,8,0.02,比尼罗罗非鱼体型稍小颜色更深。南方水域已形成野生种群。繁殖力惊人，一年可产卵多次，是入侵物种的典型代表。
48,河鲈,Perca fluviatilis,淡水鱼,鲈科 Percidae,3,12.0,40.0,0.04,1.80,中下层,白天,1;3;7;8;9;11;13;16,4,35,20,0.03,体侧有5-7条黑色横纹，腹鳍臀鳍橙红。欧亚大陆广布种，群居掠食鱼。肉质白嫩少刺，欧洲最受欢迎的食用淡水鱼之一。
49,梭鲈,Sander lucioperca,淡水鱼,鲈科 Percidae,5,25.0,100.0,0.30,15.0,中层,晨昏,7;8;9;11;13;20,7,120,65,0.05,体延长似梭，口中有突出的犬齿。欧洲最大淡水鲈，眼神锐利极具压迫感。肉食性，视力极好在暗光中有优势，黄昏是钓它的黄金时间。
50,黄金鲈,Perca flavescens,淡水鱼,鲈科 Percidae,2,10.0,30.0,0.02,0.50,中下层,白天,1;2;3;9;11;13,3,25,12,0.02,北美版河鲈，通体金黄。冰钓最热门的目标鱼种，冬季集群活动。身材小但拉力不小，是北美儿童的第一条鱼。
51,白斑狗鱼,Esox lucius,淡水鱼,狗鱼科 Esocidae,6,30.0,130.0,0.50,30.0,中上层,白天,7;9;11;13;14;15;34,9,250,130,0.07,"体延长如梭，吻部像鸭嘴布满利齿。北半球冷水顶级掠食者，伏击大师。曾有人被大狗鱼咬伤手指，名副其实的""淡水狼""。"
52,北美狗鱼,Esox masquinongy,淡水鱼,狗鱼科 Esocidae,8,40.0,180.0,1.00,50.0,中上层,白天,7;9;13;14;15;34,10,450,240,0.09,"狗鱼之王，体型比白斑狗鱼大一圈。北美千湖之地的传说级目标，钓上一条够吹一辈子。极其罕见，被称""千投之鱼""。"
53,红点鲑,Salvelinus alpinus,淡水鱼,鲑科 Salmonidae,5,15.0,60.0,0.06,3.50,中层,白天,9;11;13;16;19;20,6,100,55,0.06,体红腹白边，冷水北极圈代表鱼种。最北能到北纬82度的淡水鱼。肉质橙红如三文鱼，是北极圈原住民的重要食物来源。
54,虹鳟,Oncorhynchus mykiss,淡水鱼,鲑科 Salmonidae,3,15.0,60.0,0.06,3.50,中上层,白天,4;5;9;11;13;16;19,7,55,30,0.04,体侧有特征性粉红虹彩条纹。原产北美，全球养殖最广的冷水鱼。中钩后疯狂跳跃洗鳃，是飞钓运动的核心目标鱼种。
55,褐鳟,Salmo trutta,淡水鱼,鲑科 Salmonidae,5,20.0,80.0,0.15,7.00,中层,晨昏,7;9;11;13;16;19,7,120,65,0.06,体金黄褐带红黑斑点，欧洲本土鳟鱼之王。极度警觉狡猾，稍有风吹草动便消失无踪。需要最精细的钓法和最隐蔽的接近。
56,美洲红点鲑,Salvelinus fontinalis,淡水鱼,鲑科 Salmonidae,4,12.0,45.0,0.04,2.00,中层,白天,9;11;13;16;19,5,70,38,0.05,体墨绿带黄点和红色腹鳍白边。北美东部原生鳟鱼，对水质要求极高。背上的虫纹斑点如雪花般美丽，是冷水溪流的宝石。
57,湖鳟,Salvelinus namaycush,淡水鱼,鲑科 Salmonidae,6,25.0,100.0,0.30,18.0,深层,白天,9;11;13;18;20,8,200,105,0.06,体型最大的鳟鱼，体深灰有白色斑点。北美五大湖深层巨物，只生活在最深最冷的水域。需要重型装备和极大耐心才能钓获。
58,白鲑,Coregonus lavaretus,淡水鱼,鲑科 Salmonidae,3,15.0,40.0,0.05,1.00,中层,白天,3;4;9;16;19,3,30,18,0.03,体银白侧扁，肉质细嫩。欧亚大陆北部冷水湖泊常见种。群居滤食性，嘴巴小需要小钩细线精细作钓。
59,鲟鱼,Acipenser sinensis,淡水鱼,鲟科 Acipenseridae,9,60.0,300.0,5.00,300.0,底层,全天,2;7;10;18;34,10,800,500,0.10,中华鲟，从白垩纪走来的活化石。体型如潜水艇，身上有五列骨质硬鳞。国家一级保护动物，极度濒危，钓获是毕生荣幸（游戏内允许）。
60,匙吻鲟,Polyodon spathula,淡水鱼,匙吻鲟科 Polyodontidae,7,40.0,180.0,2.00,40.0,中上层,白天,10;23;25;26;29,6,350,180,0.08,吻部延长呈桨状，长相极尽奇特。北美密西西比河流域特有滤食性大鱼。张着大嘴巡游滤食浮游生物，完全无害的巨大萌物。
61,俄罗斯鲟,Acipenser gueldenstaedtii,淡水鱼,鲟科 Acipenseridae,7,40.0,200.0,2.50,80.0,底层,全天,2;7;10;18;34,8,380,200,0.08,黑海和里海流域的珍贵鲟鱼。鱼子酱的来源之一。体型介于中华鲟和西伯利亚鲟之间，力量持久如坦克。
62,西伯利亚鲟,Acipenser baerii,淡水鱼,鲟科 Acipenseridae,6,35.0,180.0,1.50,60.0,底层,全天,2;7;10;18;34,7,280,150,0.07,适应力最强的鲟鱼，能在低温下生长。现已成为全球养殖鱼子酱的主力品种。冰钓时钓获西伯利亚鲟是一生难忘的体验。
63,白鲟,Psephurus gladius,淡水鱼,匙吻鲟科 Polyodontidae,10,80.0,400.0,15.0,500.0,中上层,全天,10;34;35,9,1500,1000,0.15,长江白鲟，剑吻如长矛。世界上最大的淡水鱼之一，据称可达7米长。2022年被宣布野外灭绝，传说级鱼种，游戏中的终极追求。
64,欧洲鳗鲡,Anguilla anguilla,洄游鱼,鳗鲡科 Anguillidae,4,20.0,80.0,0.10,3.00,底层,夜间,1;2;3;7;10;18,6,80,40,0.05,体细长如蛇，降海洄游产卵。一生只在马尾藻海繁殖一次后死去。身披神秘面纱的鱼类，古罗马人视为美味珍馐。
65,日本鳗鲡,Anguilla japonica,洄游鱼,鳗鲡科 Anguillidae,5,20.0,80.0,0.10,3.00,底层,夜间,1;2;3;7;10;18,6,120,60,0.05,与欧洲鳗相似但产卵地在太平洋。日式蒲烧鳗鱼的主角。生长缓慢，近年因过度捕捞数量锐减，价格飞涨。
66,鲥鱼,Tenualosa reevesii,洄游鱼,鲱科 Clupeidae,7,20.0,50.0,0.15,2.00,中层,白天,8;9;11;20,5,300,160,0.08,"体侧扁银光闪闪，鳞片细密。每年溯江产卵的洄游名鱼，号称""长江三鲜""之首。鳞下脂肪丰厚，清蒸不刮鳞是最高吃法。"
67,刀鲚,Coilia nasus,洄游鱼,鳀科 Engraulidae,6,10.0,35.0,0.01,0.25,中上层,白天,8;9;11;20,3,200,100,0.07,"体极侧扁如刀，长江三鲜之二。俗称""刀鱼""，清明前的刀鱼肉质最为肥美。细刺极多但鲜味无与伦比，价格一度炒到天价。"
68,暗纹东方鲀,Takifugu obscurus,洄游鱼,鲀科 Tetraodontidae,6,8.0,25.0,0.03,0.50,中下层,白天,1;7;8;18,3,200,100,0.08,"河豚的一种，遇危险膨胀成刺球。体内含致命毒素，需专业处理才能食用。长江三鲜之三，""拼死吃河豚""的极致美味。"
69,大西洋鲑,Salmo salar,洄游鱼,鲑科 Salmonidae,5,40.0,120.0,1.50,30.0,中上层,白天,8;9;11;13;19;20,9,250,130,0.06,即真正的三文鱼，出生在淡水河流，成年后入海，再溯河产卵。跳跃瀑布的能力惊人。野生大西洋鲑已是珍稀保护物种。
70,大鳞大麻哈鱼,Oncorhynchus tshawytscha,洄游鱼,鲑科 Salmonidae,7,50.0,140.0,3.00,45.0,中上层,白天,8;9;11;13;19;20,10,350,180,0.07,"太平洋鲑鱼之王，最大三文鱼品种。溯河时不进食全靠体内脂肪，但攻击性不减。钓大鳞大麻哈被称为""与雷霆搏斗""。"
71,银大麻哈鱼,Oncorhynchus kisutch,洄游鱼,鲑科 Salmonidae,6,30.0,80.0,1.00,8.00,中上层,白天,8;9;11;13;19;20,8,220,115,0.06,体型比大鳞小但爆发力更猛烈。中钩后疯狂跳跃翻滚，是最具观赏性的搏鱼对象。肉质紧实呈橙红色。
72,红大麻哈鱼,Oncorhynchus nerka,洄游鱼,鲑科 Salmonidae,5,25.0,70.0,0.80,5.00,中上层,白天,8;9;11;13;19;20,7,180,95,0.05,繁殖期通体变红头变绿，极为壮观。洄游距离可达1600公里，一路不进食。肉质在鲑鱼中最红，营养价值最高。
73,香鱼,Plecoglossus altivelis,洄游鱼,香鱼科 Plecoglossidae,4,10.0,30.0,0.02,0.30,中上层,白天,3;4;5;8;19,4,70,38,0.05,"体有黄瓜清香的溪流精灵。春季入海秋季溯河的年度洄游鱼。用活香鱼钓香鱼的特殊钓法""友钓""是日本传统文化。"
74,黄鳝,Monopterus albus,淡水鱼,合鳃鱼科 Synbranchidae,2,20.0,60.0,0.03,0.80,底层,夜间,1;2;3;7;10,3,30,15,0.03,体圆长如蛇无胸鳍腹鳍。能直接呼吸空气，雌雄同体先雌后雄。稻田湿地最常见，也是南方人餐桌上的美味。
75,月鳢,Channa asiatica,淡水鱼,鳢科 Channidae,3,15.0,40.0,0.05,1.20,中下层,夜间,5;7;9;14;16;34,5,45,25,0.04,"俗称""七星鱼""，体侧有7-8条黑色横纹和尾柄圆斑。分布于华南溪流，肉质细嫩。昼伏夜出，是夜钓的惊喜之鱼。"
76,斑鳢,Channa maculata,淡水鱼,鳢科 Channidae,3,20.0,60.0,0.15,4.00,中下层,白天,5;7;9;14;16;34,6,55,30,0.04,"体侧有黑色斑块呈不规则分布。南方常见鳢鱼，俗称""生鱼""。粤菜中的经典煲汤食材，也是优秀的游钓鱼种。"
77,鲈鱼,Lateolabrax japonicus,海水鱼,真鲈科 Percichthyidae,3,20.0,80.0,0.15,7.00,中上层,晨昏,8;9;11;13;14;16;17,7,60,32,0.04,"即海鲈，体延长银白背部青灰。近海常见掠食鱼，广盐性可入河口。冬季最肥美，江南有""冬鲫夏鲈""之说。路亚入门首选。"
78,赤鲈,Perca fluviatilis,淡水鱼,鲈科 Percidae,2,10.0,35.0,0.03,1.00,中下层,白天,1;3;7;8;9;11;13,3,22,12,0.02,即前述河鲈的别名，体侧有5-7条黑色横纹。欧亚大陆广布，群居掠食。冰钓时最为活跃，一串串从冰洞拉出。
79,鳡鱼,Elopichthys bambusa,淡水鱼,鲤科 Cyprinidae,6,40.0,160.0,1.50,50.0,中上层,白天,9;11;13;14;15;34,9,280,150,0.07,"体延长梭形如鱼雷，鳡字意为""水老虎""。长江流域最凶猛淡水掠食鱼，连黑鱼都不敢惹它。追小鱼时速可达60km/h，中钩后冲刺势不可挡。"
80,哲罗鱼,Hucho taimen,淡水鱼,鲑科 Salmonidae,8,40.0,180.0,2.00,60.0,中上层,白天,9;11;13;14;15;34,10,500,260,0.09,"世界最大鲑科鱼，黑龙江流域的河中巨怪。能吞下野鸭和水鼠。蒙古和西伯利亚传说级路亚目标，""河中之虎""。"
81,细鳞鲑,Brachymystax lenok,淡水鱼,鲑科 Salmonidae,5,15.0,45.0,0.06,1.50,中层,白天,9;11;13;16;19,5,90,48,0.06,体侧有细密斑点，高山冷水溪流原住民。中国东北和西北高海拔河流有分布。对水质水温极度敏感，是生态指示物种。
82,秦岭细鳞鲑,Brachymystax tsinlingensis,淡水鱼,鲑科 Salmonidae,7,12.0,35.0,0.03,0.80,中层,白天,9;11;13;16;19,5,180,95,0.07,秦岭特有亚种，国家二级保护动物。生活在海拔1000米以上的冰冷山溪。体侧斑点比普通细鳞鲑更密集，珍稀程度极高。
83,花鳗鲡,Anguilla marmorata,洄游鱼,鳗鲡科 Anguillidae,6,30.0,120.0,0.30,10.0,底层,夜间,2;7;9;10;34,7,200,105,0.06,"体型最大的鳗鲡，体有黄黑斑纹。俗称""鳝王""，可长到2米。太平洋和印度洋热带岛屿溪流上游有分布，极度稀有。"
84,鳙鱼（泰国巨鲤）,Catlocarpio siamensis,淡水鱼,鲤科 Cyprinidae,9,40.0,250.0,2.00,200.0,底层,白天,2;4;10;23;26;27;34,8,600,350,0.10,现存最大鲤科鱼，湄公河流域的河中巨兽。体灰黑鳞片极大，最大纪录超300kg。极度濒危，是淡水钓的圣杯级目标。
85,湄公河巨鲶,Pangasianodon gigas,淡水鱼,巨鲶科 Pangasiidae,10,50.0,300.0,5.00,350.0,底层,夜间,2;7;9;34;35,10,1200,700,0.12,世界最大淡水鱼有力竞争者，最大纪录2.7米293kg。泰国湄公河传说级巨物。如今极度濒危，能在游戏里钓获也算圆梦。
86,尼罗河鲈鱼,Lates niloticus,淡水鱼,尖吻鲈科 Latidae,7,40.0,180.0,2.00,100.0,中上层,晨昏,7;8;9;11;13;14;34,9,350,185,0.08,非洲尼罗河和维多利亚湖的巨型掠食鱼。引入维多利亚湖后导致数百种原生鱼灭绝。巨型个体可达2米200kg，是淡水巨物爱好者天堂。
87,巨骨舌鱼,Arapaima gigas,淡水鱼,骨舌鱼科 Osteoglossidae,9,80.0,300.0,10.0,200.0,中上层,白天,7;9;14;34;35,10,800,450,0.12,亚马逊河最大淡水鱼，需浮出水面呼吸空气。鳞片坚硬如铠甲，连食人鱼都咬不动。体红如火焰，是世界上最大的淡水有鳞鱼。
88,金龙鱼,Scleropages formosus,淡水鱼,骨舌鱼科 Osteoglossidae,8,20.0,70.0,0.20,5.00,中层,白天,4;5;8;9;16;34,5,500,260,0.10,传说中的风水鱼，亚洲龙鱼。东南亚原产，野生种群极度濒危。体披金色大鳞游姿如龙，是观赏鱼界的劳斯莱斯。
89,食人鱼,Pygocentrus nattereri,淡水鱼,锯脂鲤科 Serrasalmidae,4,10.0,30.0,0.02,0.80,中上层,白天,7;8;9;34,6,40,25,0.05,又名红腹锯脂鲤，牙齿锋利如刀片。亚马逊河最臭名昭著的鱼。群起攻击时可在数分钟内将大型动物啃成白骨，但其实多数时候只吃小鱼和腐肉。
90,电鳗,Electrophorus electricus,淡水鱼,电鳗科 Electrophoridae,7,60.0,200.0,3.00,30.0,底层,夜间,7;9;18;34,9,300,160,0.09,能释放600-800伏高压电击的史上最强生物发电机。亚马逊浑浊水域中的顶级猎手。不是真正的鳗鱼而属刀鱼目，钓它需要绝缘装备和极大勇气。
91,雀鳝,Lepisosteus oculatus,淡水鱼,雀鳝科 Lepisosteidae,5,30.0,120.0,0.50,20.0,中上层,白天,7;9;11;13;14;34,7,150,80,0.06,吻部如鳄鱼般细长布满利齿，鳞片如铠甲珐琅质。来自恐龙时代的活化石。肉有毒人类不可食用，但搏斗体验无与伦比。
92,鳄雀鳝,Atractosteus spatula,淡水鱼,雀鳝科 Lepisosteidae,8,60.0,250.0,5.00,140.0,中上层,白天,7;9;14;34;35,10,450,240,0.10,雀鳝之王，最大可超3米。北美墨西哥湾沿岸河中巨怪。两张嘴结构能吞下巨物，咬合力惊人，是淡水终极怪物之一。
93,多鳍鱼,Polypterus senegalus,淡水鱼,多鳍鱼科 Polypteridae,5,15.0,40.0,0.05,0.80,底层,夜间,1;2;3;7;10;18,4,80,42,0.06,又称恐龙鱼，拥有原始肺和多个分离背鳍。非洲的活化石，能在低氧水域直接用肺呼吸。背上那一排小旗子般的鳍是它的标志。
94,弓鳍鱼,Amia calva,淡水鱼,弓鳍鱼科 Amiidae,6,25.0,80.0,0.40,6.00,中下层,夜间,7;8;9;11;13;16;34,7,160,85,0.07,北美原始淡水鱼，同样来自恐龙时代。能用鱼鳔当肺呼吸空气。雄鱼筑巢护卵极凶猛，咬断过不少粗心钓手的鱼线。
95,七鳃鳗,Petromyzon marinus,洄游鱼,七鳃鳗科 Petromyzontidae,6,20.0,80.0,0.05,1.50,底层,夜间,1;2;7;10,4,180,95,0.08,无颌类的活化石，嘴如吸盘布满角质齿。寄生性，吸附在其他鱼身上吸血。古罗马人视为极品美味，但长相确实令人毛骨悚然。
96,真鲷,Pagrus major,海水鱼,鲷科 Sparidae,4,15.0,60.0,0.1,4.0,中下层,白天,8;18;20,5,90,48,0.05,体侧扁呈鲜红色，尾鳍边缘黑色。日本象征性贺鱼，'めでたい'（可喜可贺）的谐音。肉质顶级，是高级寿司的招牌食材。
97,黑鲷,Acanthopagrus schlegelii,海水鱼,鲷科 Sparidae,3,15.0,50.0,0.1,2.5,中下层,白天,8;18;23;24;26,4,50,28,0.04,体灰黑侧扁，背鳍硬棘锋利。近海岩礁区常见，杂食性什么都吃。初学者的海水钓入门鱼，但大个体同样狡猾。
98,黄鳍鲷,Acanthopagrus latus,海水鱼,鲷科 Sparidae,4,12.0,40.0,0.05,1.5,中下层,白天,8;18;23;24,4,65,35,0.04,体银白腹鳍和臀鳍鲜黄。南方温暖海域常见，河口咸淡水区域也有。肉质鲜甜，清蒸最佳。
99,平鲷,Rhabdosargus sarba,海水鱼,鲷科 Sparidae,3,12.0,40.0,0.06,2.0,中下层,白天,8;18;23;24,4,45,25,0.03,体银白有金黄色纵纹。热带和亚热带近海群居鱼种。喜欢沙泥底质，在冲浪区觅食被海浪冲出的底栖生物。
100,赤点石斑鱼,Epinephelus akaara,海水鱼,鮨科 Serranidae,5,20.0,80.0,0.25,10.0,底层,晨昏,8;9;18;20;34,7,180,95,0.06,体棕褐散布橘红色斑点。伏击型底栖掠食者，常藏在礁石缝隙中。肉质弹牙鲜美，是高级海鲜酒楼的招牌。
101,龙胆石斑,Epinephelus lanceolatus,海水鱼,鮨科 Serranidae,8,60.0,250.0,5.0,300.0,底层,全天,8;9;18;20;34;35,10,600,350,0.1,石斑鱼之王，最大可超3米400公斤。世界最大珊瑚礁鱼之一。身披不规则黄黑斑纹，嘴大能吞下小型鲨鱼。
102,东星斑,Plectropomus leopardus,海水鱼,鮨科 Serranidae,7,20.0,70.0,0.25,5.0,底层,白天,8;9;18;20,6,350,180,0.08,通体鲜红散布蓝色小点如星空。珊瑚礁中最美丽的猎手。极度名贵，一条大东星斑在海鲜市场能卖到上万元。
103,老鼠斑,Cromileptes altivelis,海水鱼,鮨科 Serranidae,7,15.0,50.0,0.1,2.5,底层,白天,8;9;18;20,5,320,165,0.08,体白散布黑色圆斑，头部扁平似鼠。石斑鱼中最名贵的品种之一。肉质极为细嫩，入口即化，是海鲜中的劳斯莱斯。
104,云纹石斑,Epinephelus moara,海水鱼,鮨科 Serranidae,5,25.0,90.0,0.4,12.0,底层,晨昏,8;9;18;20;34,7,200,105,0.06,体灰褐有大块云状斑纹。温带海域常见大型石斑。体型比赤点石斑更大，力量更强，是矶钓的热门目标。
105,七带石斑,Epinephelus septemfasciatus,海水鱼,鮨科 Serranidae,5,20.0,70.0,0.25,6.0,底层,白天,8;9;18;20,6,170,90,0.05,体侧有七条深色横带。西北太平洋温带石斑代表。夏季活跃冬季深潜，季节性明显。幼鱼还会漂在海草中伪装。
106,大黄鱼,Larimichthys crocea,海水鱼,石首鱼科 Sciaenidae,6,20.0,60.0,0.2,3.0,中下层,夜间,8;18;20;23,4,250,130,0.07,体金黄口唇橙红，鳔能发出'咕咕'叫声。中国昔日最重要的经济海鱼，现已极度枯竭。野生大黄鱼千金难求，堪称海中黄金。
107,小黄鱼,Larimichthys polyactis,海水鱼,石首鱼科 Sciaenidae,3,10.0,30.0,0.02,0.4,中下层,夜间,1;3;8;18;23;24,2,40,22,0.03,大黄鱼的小号亲戚，体银灰。春汛冬汛两季最肥。炸小黄鱼是很多海边人的童年记忆，外酥里嫩。
108,带鱼,Trichiurus lepturus,海水鱼,带鱼科 Trichiuridae,2,30.0,120.0,0.1,2.5,中层,夜间,8;9;11;13;18;20;34,5,25,15,0.03,体极长侧扁如银色长刀，无尾鳍。垂直洄游夜间上浮白天潜伏深海。牙齿锋利成群捕食，一旦找到鱼群拉都拉不完。
109,银鲳,Pampus argenteus,海水鱼,鲳科 Stromateidae,3,10.0,35.0,0.04,1.0,中上层,白天,8;23;24;26;29,3,35,18,0.03,体菱形银白极侧扁，无腹鳍。近海中上层集群活动。肉质细嫩少刺，鲳与昌同音，是节庆餐桌上的吉祥鱼。
110,金鲳,Trachinotus ovatus,海水鱼,鲹科 Carangidae,3,15.0,50.0,0.08,2.5,中上层,白天,8;9;11;13;14,5,40,22,0.03,体卵圆侧扁银灰，鳍金黄色。暖水近海常见，游泳速度极快。养殖量大价格亲民，但野生大金鲳拉力仍不可小觑。
111,许氏平鲉,Sebastes schlegelii,海水鱼,平鲉科 Sebastidae,3,12.0,40.0,0.05,1.5,底层,全天,8;9;16;17;18,4,40,22,0.04,体黑褐，背鳍硬棘有毒腺。北方岩礁区域最常见底栖鱼之一。卵胎生，小鱼直接从母体产出。肉质白嫩，刺身和火锅皆宜。
112,褐菖鲉,Sebastiscus marmoratus,海水鱼,平鲉科 Sebastidae,2,8.0,25.0,0.02,0.4,底层,全天,1;8;16;17;18;24,3,20,10,0.03,俗称石头鱼，体色与礁石完美融为一体。趴着不动时极难发现。肉味极鲜但处理时要当心毒刺，矶钓人的常见收获。
113,鬼鲉,Inimicus japonicus,海水鱼,毒鲉科 Synanceiidae,5,10.0,30.0,0.03,0.6,底层,全天,1;8;18,3,120,60,0.06,世界最毒鱼之一，背鳍毒液可致命。伪装成一块不起眼的石头伏击猎物。钓到它如同拆弹，需极度小心处理。
114,六线鱼,Hexagrammos otakii,海水鱼,六线鱼科 Hexagrammidae,2,10.0,35.0,0.02,0.6,底层,白天,1;8;16;18;24,3,20,10,0.02,体侧有5-6条侧线，体色随环境变化。北方岩礁区的标志性底栖鱼。肉味鲜美，尤其是秋冬季节油脂丰厚。
115,大泷六线鱼,Hexagrammos otakii,海水鱼,六线鱼科 Hexagrammidae,3,15.0,45.0,0.06,1.5,底层,白天,1;8;16;18;24,3,30,16,0.02,与六线鱼同物异名，体型稍大。北方海域常见，全年可钓。耐寒能力出众，冰钓也能钓获。
116,鲬鱼,Platycephalus indicus,海水鱼,鲬科 Platycephalidae,3,15.0,50.0,0.06,2.0,底层,白天,1;7;8;9;18;34,4,35,20,0.03,头部极度扁平如鳄鱼，伏击型底栖掠食者。埋在沙中只露双眼，猎物经过暴起攻击。长相奇怪但肉质细嫩。
117,大鲬,Platycephalus fuscus,海水鱼,鲬科 Platycephalidae,4,20.0,70.0,0.15,4.0,底层,白天,7;8;9;18;34,5,55,30,0.04,比普通鲬鱼更大型。澳大利亚和新几内亚海域常见。扁平的身体让它能钻进极窄的岩缝中伏击，堪称底层幽灵。
118,太平洋鳕,Gadus macrocephalus,海水鱼,鳕科 Gadidae,4,25.0,80.0,0.3,8.0,底层,全天,7;8;9;18;20;34,5,70,38,0.04,体延长灰绿有黄斑，下颌有须。冷水底层群居鱼，三大商业渔业之一。大西洋鳕鱼曾引发战争，足见其价值。
119,黑线鳕,Melanogrammus aeglefinus,海水鱼,鳕科 Gadidae,3,15.0,55.0,0.08,2.5,底层,白天,7;8;9;18;20,4,40,22,0.03,体侧有特征性黑斑（圣彼得指印）。英国炸鱼薯条的经典选料。冷海水底层群居，商业拖网的主要目标。
120,大西洋鳕,Gadus morhua,海水鱼,鳕科 Gadidae,5,30.0,120.0,0.5,30.0,底层,全天,7;8;9;18;20;34,6,130,70,0.05,史上最具经济价值的鱼类，纽芬兰渔场曾取之不尽。1992年彻底崩溃至今未恢复。钓到一条大西洋鳕，是致敬历史的仪式。
121,青鳕,Pollachius virens,海水鱼,鳕科 Gadidae,3,20.0,70.0,0.15,5.0,中层,白天,8;9;11;13;18;20,5,40,22,0.03,体延长背部深绿。比鳕鱼更活跃，常在中层追食小鱼。路亚钓青鳕在挪威是国民级休闲活动。
122,牙鲆,Paralichthys olivaceus,海水鱼,牙鲆科 Paralichthyidae,4,15.0,60.0,0.06,3.5,底层,白天,1;7;8;9;18;34,4,65,35,0.04,两眼在身体左侧，体色随底质变化。伏击型大型比目鱼，俗称左口。顶级食用鱼，刺身中的白肉之王。
123,大菱鲆,Scophthalmus maximus,海水鱼,菱鲆科 Scophthalmidae,5,20.0,80.0,0.25,10.0,底层,白天,7;8;9;18;34,5,120,65,0.05,体近菱形无鳞，两眼在左侧。欧洲名贵食用鱼，中国引入养殖称多宝鱼。伏击型捕食者，能吞下自身一半大的猎物。
124,半滑舌鳎,Cynoglossus semilaevis,海水鱼,舌鳎科 Cynoglossidae,3,10.0,40.0,0.02,1.0,底层,夜间,1;3;8;10;18,2,40,20,0.03,体极侧扁如鞋底，两眼在左侧。俗称鳎目鱼或龙利鱼。肉质极为细嫩，入口即化，清蒸为上。
125,星斑川鲽,Platichthys stellatus,海水鱼,鲽科 Pleuronectidae,3,15.0,55.0,0.06,2.5,底层,白天,1;7;8;18;24,3,45,25,0.03,体散布星状骨质突起。北美西海岸常见比目鱼。冬季入河产卵春季返海，能耐受完全的淡水环境。
126,蓝鳍金枪鱼,Thunnus thynnus,海水鱼,鲭科 Scombridae,9,60.0,350.0,8.0,600.0,中上层,白天,8;9;11;12;13;15;20;34;35,10,1500,800,0.15,海洋极速猎手，最高时速80km/h，体温比水温高10°C。东京筑地市场一条可拍出数千万日元。渔业过度导致种群崩溃，游戏中的终极目标。
127,黄鳍金枪鱼,Thunnus albacares,海水鱼,鲭科 Scombridae,7,40.0,200.0,3.0,180.0,中上层,白天,8;9;11;12;13;15;20;34,10,450,240,0.08,体纺锤形，第二背鳍和臀鳍极长呈镰刀状鲜黄。热带远洋最常见金枪鱼。速度耐力兼备，搏斗可持续数小时。
128,大眼金枪鱼,Thunnus obesus,海水鱼,鲭科 Scombridae,7,40.0,200.0,3.0,150.0,中层,白天,8;9;11;12;13;20;34,9,400,210,0.08,眼大无比体粗壮，深海中层活动。垂直洄游范围极大，白天在深层夜间上浮。脂肪含量高于黄鳍，大トロ的口感更醇厚。
129,长鳍金枪鱼,Thunnus alalunga,海水鱼,鲭科 Scombridae,6,30.0,120.0,1.5,35.0,中上层,白天,8;9;11;12;13;20,8,250,130,0.07,胸鳍极长可达臀鳍。俗称白金枪，肉质浅粉白。罐装金枪鱼的主力来源，但新鲜刺身同样迷人。
130,鲣鱼,Katsuwonus pelamis,海水鱼,鲭科 Scombridae,4,25.0,80.0,0.8,10.0,中上层,白天,8;9;11;12;13;20,8,100,55,0.05,体纺锤形侧腹有数条深色纵纹。金枪鱼群的前锋侦察兵，找到鲣鱼群就意味着金枪鱼也不远了。日式高汤出汁的灵魂原料。
131,旗鱼,Istiophorus platypterus,海水鱼,旗鱼科 Istiophoridae,9,80.0,350.0,10.0,150.0,表层,白天,8;9;11;12;13;14;15;20;34;35,10,1200,650,0.12,第一背鳍高耸如帆，上颌延长呈剑状。海洋最快鱼类之一，时速可达110km/h。中钩后在海面疯狂跳跃，视觉效果爆炸。
132,蓝枪鱼,Makaira nigricans,海水鱼,旗鱼科 Istiophoridae,9,80.0,400.0,15.0,600.0,表层,白天,8;9;11;12;13;14;15;20;34;35,10,1400,750,0.12,旗鱼科巅峰巨物，《老人与海》的原型。上颌如长枪可刺穿船板。海明威笔下的终极对手，钓上蓝枪鱼是深海钓的最高勋章。
133,剑鱼,Xiphias gladius,海水鱼,剑鱼科 Xiphiidae,8,60.0,300.0,8.0,400.0,中层,夜间,8;9;11;12;13;20;34;35,10,800,420,0.1,上颌延长如扁平长剑，可刺穿金枪鱼甚至小型鲸类。夜间深层觅食白天深潜。体内有特殊器官加热眼部以提升暗光战斗力。
134,鲯鳅,Coryphaena hippurus,海水鱼,鲯鳅科 Coryphaenidae,5,25.0,100.0,0.5,15.0,表层,白天,8;9;11;12;13;14;15;20,8,130,70,0.06,体极侧扁，活时通体闪着蓝绿金光（死后迅速褪色）。俗称鬼头刀，是远洋漂流物下的常见鱼种。高速追食飞鱼，中钩后不断跳出海面洗鳃。
135,军曹鱼,Rachycentron canadum,海水鱼,军曹鱼科 Rachycentridae,5,30.0,120.0,0.6,20.0,中上层,白天,8;9;11;12;13;14;20;34,7,140,75,0.06,体延长如鱼雷，背部深褐腹白。常跟随鲨鱼、海龟甚至船只游弋。俗称海鲡，肉质结实适合煎烤。
136,鰤鱼,Seriola quinqueradiata,海水鱼,鲹科 Carangidae,6,25.0,100.0,0.4,12.0,中上层,白天,8;9;11;12;13;14;20,9,200,105,0.06,又名青甘或寒鰤，随年龄有不同称呼。冬季油脂最丰厚时是刺身的巅峰之选。搏斗力极强，是日本磯釣的终极目标。
137,黄条鰤,Seriola lalandi,海水鱼,鲹科 Carangidae,6,25.0,120.0,0.5,25.0,中上层,白天,8;9;11;12;13;14;20,9,220,115,0.07,鰤鱼的南半球近亲，体型可以更大。澳大利亚和新西兰顶级路亚目标。Yellowtail Kingfish，力量为王速度无双。
138,牛港鲹,Caranx ignobilis,海水鱼,鲹科 Carangidae,8,40.0,160.0,2.0,60.0,中上层,白天,8;9;11;12;13;14;15;20;34,10,400,210,0.09,体高如巨无霸，银灰侧扁。热带珊瑚礁和近海的顶级掠食者。被路亚爱好者尊称为GT（Giant Trevally）。攻击水面饵时的炸水能吓哭新手。
139,六带鲹,Caranx sexfasciatus,海水鱼,鲹科 Carangidae,5,20.0,80.0,0.25,7.0,中上层,白天,8;9;11;12;13;14,7,120,65,0.05,牛港鲹的小号版本，同样凶猛好斗。幼鱼常躲在水母触手中。群居出动围捕小鱼，规模作战效率惊人。
140,马鲛鱼,Scomberomorus niphonius,海水鱼,鲭科 Scombridae,4,25.0,90.0,0.3,8.0,中上层,白天,8;9;11;12;13;20;34,8,80,42,0.04,体延长侧扁，牙齿锋利如锯齿。中国北方俗称鲅鱼，是饺子馅的经典选择。近海顶级掠食者，切水线如刀。
141,康氏马鲛,Scomberomorus commerson,海水鱼,鲭科 Scombridae,7,30.0,180.0,0.6,40.0,中上层,白天,8;9;11;12;13;14;15;20;34,9,350,185,0.08,马鲛之王，热带印度太平洋的顶级猎手。体侧有波纹状斑纹。速度惊人，铁板钓的主要目标之一。
142,金带梅鲷,Caesio chrysozona,海水鱼,梅鲷科 Caesionidae,2,10.0,30.0,0.02,0.3,中层,白天,3;4;8;24;26;29,2,15,8,0.02,体纺锤形侧有金色纵带。珊瑚礁中层群游鱼类，数量庞大如云。是金枪鱼等大型掠食者的主要食物，同时也是初学者海水钓的入门鱼。
143,红笛鲷,Lutjanus erythropterus,海水鱼,笛鲷科 Lutjanidae,4,15.0,60.0,0.1,3.0,底层,夜间,8;9;18;20;34,5,70,38,0.04,体红银白相间，热带珊瑚礁区常见底层鱼。俗称红鱼，粤菜清蒸的不二之选。夜间觅食凶猛，咬口极重。
144,千年笛鲷,Lutjanus sebae,海水鱼,笛鲷科 Lutjanidae,6,20.0,80.0,0.25,8.0,底层,夜间,8;9;18;20;34,6,160,85,0.06,体红白，幼鱼有深色条纹如帝舵。又称皇帝鱼，高档食用鱼。幼鱼漂亮到可以当观赏鱼养大再吃。
145,海鲢,Megalops cyprinoides,海水鱼,海鲢科 Megalopidae,6,25.0,100.0,0.3,12.0,中上层,全天,8;9;11;13;14;20;34,9,180,95,0.07,体极侧扁银光闪闪，鳞大如硬币。能用鱼鳔呼吸空气在低氧水存活。中钩后疯狂跳跃洗鳃翻滚，观赏性顶格的搏鱼对象。
146,大西洋大海鲢,Megalops atlanticus,海水鱼,海鲢科 Megalopidae,8,40.0,200.0,2.0,80.0,中上层,全天,8;9;11;13;14;15;20;34;35,10,500,270,0.1,海鲢之王，Silver King。体型是普通海鲢的两倍以上。佛罗里达的传奇游钓目标，钓上一条银王是所有钓手的人生里程碑。
147,梭鱼,Sphyraena barracuda,海水鱼,梭鱼科 Sphyraenidae,5,25.0,120.0,0.3,15.0,中上层,白天,8;9;11;12;13;14;20;34,8,140,75,0.07,体延长如梭，下颚突出满口利齿。热带海域的独行杀手，能瞬间加速到极高速度咬住猎物。某些个体体内含雪卡毒素不宜食用。
148,斑条魣,Sphyraena jello,海水鱼,梭鱼科 Sphyraenidae,4,20.0,80.0,0.2,6.0,中上层,白天,8;9;11;12;13;20,7,90,48,0.06,体银灰有暗色纵纹，印度太平洋常见梭鱼。比大梭鱼体型小但同样凶悍。肉质鲜美是当地重要食用鱼。
149,粉红鲑,Oncorhynchus gorbuscha,洄游鱼,鲑科 Salmonidae,4,20.0,60.0,0.4,3.0,中上层,白天,8;9;11;13;19;20,7,85,45,0.05,最小的太平洋鲑鱼，两年生命周期。雄鱼繁殖期长出夸张的驼背。数量庞大是阿拉斯加生态系统的基石。
150,远东哲罗鱼,Hucho perryi,淡水鱼,鲑科 Salmonidae,8,40.0,180.0,2.0,55.0,中上层,白天,9;11;13;14;15;34,10,480,250,0.09,日本桦太和北海道的幻之鱼伊富。日本最大淡水鱼。极度濒危，在日本被视为国家天然纪念物，一生钓一次便无憾。
151,大白鲨,Carcharodon carcharias,软骨鱼,鼠鲨科 Lamnidae,10,120.0,600.0,200.0,2500.0,全层,全天,9;12;15;20;32;34;35,10,2000,1500,0.2,史上最著名的掠食者，海洋食物链顶端。嗅觉能侦测1公里外的一滴血。钓上大白鲨不是钓鱼，是在挑战生命极限。
152,虎鲨,Galeocerdo cuvier,软骨鱼,真鲨科 Carcharhinidae,9,100.0,500.0,100.0,1500.0,全层,夜间,9;12;15;20;32;34;35,10,1200,700,0.15,体有虎纹斑，什么都吃的海洋垃圾桶。在胃里发现过车牌、轮胎甚至盔甲。仅次于大白鲨的危险鲨鱼。
153,锤头双髻鲨,Sphyrna zygaena,软骨鱼,双髻鲨科 Sphyrnidae,8,60.0,350.0,20.0,400.0,中上层,白天,8;9;12;15;20;32;34,9,700,380,0.12,头部呈T字形如锤子，双眼在两端提供立体视觉。锤头能探测埋藏在沙中的猎物的微弱电信号。最独特的长相，海洋中最酷的鱼。
154,鲸鲨,Rhincodon typus,软骨鱼,鲸鲨科 Rhincodontidae,10,200.0,1200.0,1000.0,15000.0,表层,白天,35,5,5000,5000,0.25,世界最大鱼类，可达18米以上。滤食性巨人只吃浮游生物和小鱼。背上的星斑每一条都独一无二如指纹。温顺的巨人，与它同游是终极梦想。
155,姥鲨,Cetorhinus maximus,软骨鱼,姥鲨科 Cetorhinidae,9,200.0,900.0,800.0,6000.0,表层,白天,35,4,1500,900,0.15,第二大鱼类，张着巨口巡游滤食浮游生物。Basking Shark晒太阳的鲨鱼。虽大但无害，人类比它更危险，历史上被大量捕杀提炼鱼油。
156,灰鲭鲨,Isurus oxyrinchus,软骨鱼,鼠鲨科 Lamnidae,8,50.0,350.0,15.0,400.0,中上层,白天,9;12;15;20;32;34;35,10,800,450,0.12,海洋最快鲨鱼，时速可达74km/h。能跃出水面6米高。身体的流线型连法拉利工程师都来研究。钓灰鲭鲨是速度与激情的极限挑战。
157,蓝鲨,Prionace glauca,软骨鱼,真鲨科 Carcharhinidae,6,40.0,250.0,10.0,180.0,中上层,白天,9;12;15;20;32;34,8,280,160,0.08,体细长靛蓝，海洋中数量最多的鲨鱼之一。群体活动，能进行跨洋迁徙。虽常见但近年数量也在急剧下降。
158,豹纹鲨,Stegostoma fasciatum,软骨鱼,豹纹鲨科 Stegostomatidae,5,30.0,180.0,5.0,60.0,底层,夜间,1;8;9;18;20;34,6,180,95,0.08,幼鱼黑底白条如斑马，成年变成豹纹斑点。温顺底栖鲨鱼，常趴在沙地休息。观赏鲨鱼中最受欢迎的一种。
159,护士鲨,Ginglymostoma cirratum,软骨鱼,绞口鲨科 Ginglymostomatidae,5,40.0,250.0,15.0,150.0,底层,夜间,1;8;9;18;20;34,6,200,105,0.07,吻部有两条肉质触须，酷似护士帽。白天常一堆堆叠在一起睡觉。性情温顺，潜水员可以接近，但被惹急了也会狠咬一口。
160,鳐鱼,Raja porosa,软骨鱼,鳐科 Rajidae,4,20.0,60.0,0.3,3.0,底层,夜间,1;7;8;18;20;24,4,55,30,0.05,体扁平如飞碟，胸鳍宽大如翼。俗称老板鱼或锅盖鱼。肉质独特，晒干后是朝鲜族特色美食。
161,赤魟,Dasyatis akajei,软骨鱼,魟科 Dasyatidae,5,20.0,80.0,0.5,15.0,底层,夜间,1;7;8;18;20;34,6,90,48,0.06,尾部有一根锋利毒刺，曾杀死过鳄鱼猎人。扁平如飞毯在海底飘行。钓到它要特别小心那根尾巴。
162,蝠鲼,Manta birostris,软骨鱼,蝠鲼科 Mobulidae,9,100.0,600.0,50.0,1500.0,中上层,白天,35,6,1000,600,0.15,又名魔鬼鱼，翼展可达7米。海洋中最优雅的生物，会跃出水面翻腾。滤食性，对人类完全无害。与野生蝠鲼共游是潜水者的终极梦想。
163,锯鳐,Pristis pristis,软骨鱼,锯鳐科 Pristidae,8,50.0,300.0,10.0,400.0,底层,夜间,7;9;18;20;34;35,8,450,250,0.12,吻部延长呈锯齿状，如电锯的活化石。极度濒危，全球所有锯鳐物种都在灭绝边缘。用锯齿在鱼群中左右挥舞打昏猎物，科幻生物般的造型。
164,斑竹鲨,Chiloscyllium plagiosum,软骨鱼,天竺鲨科 Hemiscylliidae,3,15.0,60.0,0.15,2.0,底层,夜间,1;8;18;24,3,40,22,0.04,体细长有黑色横纹，小型底栖鲨鱼。俗称狗鲨，常见于水族馆。温顺不咬人，是很多内陆人第一次触摸到鲨鱼的初体验。
165,电鳐,Torpedo torpedo,软骨鱼,电鳐科 Torpedinidae,5,10.0,40.0,0.05,2.0,底层,夜间,1;8;18;24,5,100,55,0.07,体扁平圆盘形，能释放45-220伏电击。古罗马人用活电鳐电击痛风和头痛患者。钓它如同拆盲盒，震动传来才知道中了头奖。
166,日本龙虾,Panulirus japonicus,甲壳类,龙虾科 Palinuridae,6,10.0,40.0,0.1,1.5,底层,夜间,1;7;8;18;20;24,3,200,100,0.06,体红褐色无螯，触角极长。日本料理中的伊势海老。藏在岩礁缝隙中，用长竿探缝是专门技艺。身价不菲的顶级海鲜。
167,锦绣龙虾,Panulirus ornatus,甲壳类,龙虾科 Palinuridae,7,15.0,50.0,0.2,3.0,底层,夜间,1;7;8;18;20;24,3,350,180,0.08,体色极艳丽有蓝绿橙黄斑纹。最大龙虾之一。热带珊瑚礁中的活宝石，观赏与食用价值双高。
168,中华绒螯蟹,Eriocheir sinensis,甲壳类,方蟹科 Grapsidae,4,3.0,10.0,0.01,0.3,底层,夜间,1;6;7;18;23;24;27,1,80,40,0.05,即大闸蟹，螯上有绒毛。秋季洄游入海产卵，正是最肥美时。中国文化中最具代表性的美食符号之一，秋风起蟹脚痒。
169,蓝蟹,Callinectes sapidus,甲壳类,梭子蟹科 Portunidae,3,5.0,20.0,0.02,0.5,底层,夜间,1;6;7;8;18;24,2,35,18,0.04,螯足鲜蓝，游泳足发达如桨。北美东海岸的象征，Chesapeake Bay的蓝色黄金。鲜美多肉，美国人整个夏天都在吃它。
170,梭子蟹,Portunus trituberculatus,甲壳类,梭子蟹科 Portunidae,3,5.0,20.0,0.03,0.6,底层,夜间,1;6;7;8;18;24,2,40,20,0.04,背甲梭形有三个突起。中国沿海最常见食用蟹。秋天的母蟹膏满黄肥，海边人的幸福就是这么简单。
171,椰子蟹,Birgus latro,甲壳类,陆寄居蟹科 Coenobitidae,7,5.0,40.0,0.05,4.0,底层,夜间,1;7;8;18;23;27;34,5,300,155,0.08,世界最大陆生节肢动物，能爬上椰子树剪下椰子。螯力足以夹断人的手指。太平洋岛屿的顶级珍馐，但数量稀少需保护。
172,真蛸,Octopus vulgaris,甲壳类,章鱼科 Octopodidae,4,10.0,60.0,0.1,3.0,底层,夜间,7;8;9;18;34,5,60,32,0.05,八条腕足布满吸盘，三颗心脏蓝色血液。最聪明的无脊椎动物，能开瓶盖走迷宫。韩国的活章鱼刺身让人又爱又怕。
173,金乌贼,Sepia esculenta,甲壳类,乌贼科 Sepiidae,3,5.0,30.0,0.02,1.0,中层,夜间,8;9;11;13;14;18;20,4,45,25,0.04,体内有墨囊和海螵蛸，体色瞬间变化。俗称墨鱼或花枝。日本金泽的乌贼刺身透明如玻璃，是大海的艺术品。
174,太平洋褶柔鱼,Todarodes pacificus,甲壳类,鱿鱼科 Ommastrephidae,3,8.0,40.0,0.02,1.0,中层,夜间,8;9;11;13;14;18;20,4,35,18,0.04,太平洋褶柔鱼，夜间趋光性强。钓鱿鱼用发光钩，一晚上能钓一桶。烤鱿鱼配啤酒是夜市最香的搭配。
175,大王乌贼,Architeuthis dux,甲壳类,大王乌贼科 Architeuthidae,10,100.0,800.0,20.0,500.0,深层,夜间,20;32;34;35,9,1000,550,0.2,深海传说级巨兽，抹香鲸的宿敌。眼睛大如篮球，是人类所知最大无脊椎动物。至今无人活体钓获，仅在深海相机中惊鸿一瞥。
176,刺参,Apostichopus japonicus,甲壳类,刺参科 Stichopodidae,3,5.0,25.0,0.02,0.3,底层,全天,1;6;10;18;24,1,45,22,0.04,体圆筒形如黄瓜，受惊会吐出内脏（可再生）。亚洲最名贵海产品之一，干货价格堪比黄金。海中人参，滋补界的顶流。
177,光棘球海胆,Strongylocentrotus nudus,甲壳类,球海胆科 Strongylocentrotidae,4,3.0,12.0,0.01,0.3,底层,白天,1;8;18;24,1,55,28,0.05,球形满身尖刺，吃的是它的生殖腺（海胆黄）。日本叫雲丹，北海道利尻岛的馬糞海胆被誉为黄中极品。海洋的黄油。
178,红鳍东方鲀,Takifugu rubripes,海水鱼,鲀科 Tetraodontidae,6,10.0,50.0,0.05,2.5,中下层,白天,1;7;8;18;20,4,220,110,0.08,体圆鼓可充气膨胀。内脏含致命河豚毒素，需要持证厨师处理。日本下关是河豚之都，想吃河豚又怕死的极致美味体验。
179,蓝鳃太阳鱼,Lepomis macrochirus,淡水鱼,日鲈科 Centrarchidae,1,8.0,25.0,0.01,0.4,中上层,白天,1;3;4;11;16,3,15,8,0.02,体高而侧扁，鳃盖后缘有蓝色耳状斑。北美分布最广的太阳鱼，集群活动于浅水区。杂食性什么都吃，是北美儿童钓鱼的第一条鱼。
180,红耳太阳鱼,Lepomis microlophus,淡水鱼,日鲈科 Centrarchidae,2,10.0,30.0,0.02,0.6,中上层,白天,1;3;4;11;16,3,20,10,0.02,鳃盖后缘有红色耳状斑，体银绿。嘴巴极小专门吸食螺类和昆虫。肉质雪白细嫩，被称sunfish中最美味的品种。
181,绿色太阳鱼,Lepomis cyanellus,淡水鱼,日鲈科 Centrarchidae,2,8.0,28.0,0.015,0.5,中上层,白天,1;3;4;11;16,3,18,10,0.02,体墨绿带蓝绿色波纹，体型比蓝鳃太阳鱼更修长。适应力极强，能在浑浊水域生存，嘴大力气大。
182,长耳太阳鱼,Lepomis megalotis,淡水鱼,日鲈科 Centrarchidae,3,8.0,22.0,0.01,0.3,中上层,白天,3;4;5;11;16,2,25,12,0.03,鳃盖后缘耳朵状延长极长呈黑色镶白边，色彩最绚烂的太阳鱼。栖息于清澈溪流，繁殖期雄鱼体色如宝石。
183,斑纹太阳鱼,Lepomis punctatus,淡水鱼,日鲈科 Centrarchidae,2,8.0,20.0,0.01,0.25,中上层,白天,1;3;4;16,2,18,10,0.02,体散布黑色小斑点，体型最小的太阳鱼之一。南方湿地和缓慢溪流常见，耐缺氧能力出众。
184,岩鲈,Ambloplites rupestris,淡水鱼,日鲈科 Centrarchidae,3,12.0,35.0,0.04,1.2,中下层,白天,7;8;9;11;13;16,5,35,20,0.03,体墨绿有暗色斑纹，眼大而红。喜欢岩石底质，伏击型掠食者。咬合力惊人，能吞下自身体长一半的猎物。
185,白鲈,Morone chrysops,淡水鱼,狼鲈科 Moronidae,4,20.0,55.0,0.2,3.0,中上层,白天,8;9;11;12;13;14,6,55,30,0.04,体银白背部蓝灰，侧线有黑色条纹。北美大湖群居掠食鱼，追食小鱼时水面如沸。肉质洁白，俗称淡水鲈。
186,条纹鲈,Morone saxatilis,洄游鱼,狼鲈科 Moronidae,5,30.0,100.0,0.5,25.0,中上层,晨昏,8;9;11;12;13;14;34,8,130,70,0.05,体延长银白有深色纵纹。北美最重要的游钓鱼之一，溯河产卵。大西洋沿岸从佛罗里达到加拿大都有它的踪迹。
187,淡水鼓鱼,Aplodinotus grunniens,淡水鱼,石首鱼科 Sciaenidae,4,20.0,70.0,0.2,5.0,底层,夜间,1;2;7;8;18;24,5,50,28,0.04,体高侧扁银灰，能用鱼鳔发出咕咕声求偶。北美最大纯淡水石首鱼，喜欢深水底部觅食贝类。
188,美洲西鲱,Alosa sapidissima,洄游鱼,鲱科 Clupeidae,5,25.0,70.0,0.3,4.0,中上层,白天,8;9;11;13;20,7,110,60,0.05,体侧扁银光闪闪，春季溯河产卵的美洲标志性洄游鱼。鱼肉鲜美卵可制鱼子酱，曾是华盛顿军队的救命粮。
189,长吻鳢,Channa micropeltes,淡水鱼,鳢科 Channidae,7,30.0,120.0,1.0,20.0,中上层,白天,7;9;11;13;14;34,9,280,150,0.07,体型最大的鳢鱼，头如蛇嘴巨大。东南亚淡水顶级掠食者，能吞下猴子和小鹿。护崽时攻击一切靠近的生物。
190,大鳞鳃鱼,Barbus barbus,淡水鱼,鲤科 Cyprinidae,4,25.0,80.0,0.3,6.0,底层,晨昏,1;2;4;7;23;27,7,65,35,0.04,欧洲大型鲤科鱼，体延长有暗色斑点。喜欢水流湍急的河段。力量强悍耐力持久，是欧洲河钓的经典目标。
191,拟鲤,Rutilus rutilus,淡水鱼,鲤科 Cyprinidae,1,10.0,35.0,0.02,0.8,中下层,白天,1;3;4;23;24;28,3,12,6,0.01,体银灰鳍橙红，欧洲最常见小型鲤科鱼。几乎任何淡水水域都有其踪迹，群居性极强。是初学者浮标钓的绝佳入门鱼。
192,欧鳊,Abramis brama,淡水鱼,鲤科 Cyprinidae,2,15.0,60.0,0.08,3.5,底层,夜间,1;2;3;23;24;28,5,30,18,0.02,体极侧扁如盘银灰，幼鱼似银币。欧洲湖泊和运河常见大型鲤科鱼。夜间觅食活跃，是欧洲钓手的最爱。
193,高体雅罗鱼,Leuciscus idus,淡水鱼,鲤科 Cyprinidae,3,20.0,60.0,0.15,3.0,中层,白天,4;5;9;11;13;23,5,40,22,0.03,体延长银白，人工选育的金色变种被称为金雅罗。欧洲冷水溪流和湖泊常见，泳速极快中钩后如鱼雷。
194,鳑鲏,Rhodeus ocellatus,淡水鱼,鲤科 Cyprinidae,2,3.0,8.0,0.002,0.01,中下层,白天,3;6;24;28;30,1,10,5,0.01,体小侧扁色彩绚烂如彩虹，繁殖期雄鱼尤为艳丽。雌鱼将卵产入活河蚌体内，是大自然最神奇的共生关系之一。
195,光倒刺鲃,Spinibarbus hollandi,淡水鱼,鲤科 Cyprinidae,5,25.0,80.0,0.4,7.0,中层,白天,4;5;9;11;13;23;27,7,100,55,0.05,体延长侧扁青灰色，华南溪流特有大型鲤科。被称为溪流之王，拉力强悍耐力持久。需要重型装备才能制服。
196,施氏倒刺鲃,Spinibarbus denticulatus,淡水鱼,鲤科 Cyprinidae,4,20.0,70.0,0.2,5.0,中层,白天,4;5;9;11;23;27,6,70,38,0.04,体青黑有金属光泽，牙齿锋利能咬断鱼线。东南亚和中国西南山区溪流常见。游泳能力极强，常逆流冲刺。
197,银板鱼,Metynnis hypsauchen,淡水鱼,锯脂鲤科 Serrasalmidae,3,10.0,28.0,0.03,0.6,中层,白天,4;23;26;27;29,3,30,16,0.02,体菱形银白似食人鱼但素食温和。南美亚马逊流域群游草食鱼。观赏鱼市场常见，野生个体体型更大更闪亮。
198,巨型黄貂鲃,Hypsibarbus wetmorei,淡水鱼,鲤科 Cyprinidae,5,25.0,80.0,0.4,7.0,中层,白天,4;5;9;11;13;23;27,7,95,50,0.05,体高侧扁金黄，鳞片大如硬币。东南亚湄公河流域大型鲤科。群游性强一旦中钩整群骚动，场面壮观。
199,黄鲈,Perca flavescens,淡水鱼,鲈科 Percidae,2,10.0,30.0,0.02,0.5,中下层,白天,1;3;7;8;11;13;16,3,22,12,0.02,北美版河鲈，通体金黄有深色竖纹。冰钓最热门目标，冬季集群活动。肉质白嫩，是五大湖地区传统美食。
200,密西西比铲鲟,Scaphirhynchus platorynchus,淡水鱼,鲟科 Acipenseridae,6,30.0,100.0,0.8,15.0,底层,全天,2;7;10;18;34,7,200,105,0.06,吻部扁平如铲，密西西比河流域特有的小型鲟鱼。用铲状吻翻动河底觅食，背部有五列骨质硬鳞，体灰褐。
201,溪鳟,Salvelinus fontinalis,淡水鱼,鲑科 Salmonidae,4,12.0,45.0,0.04,2.0,中层,白天,9;11;13;16;19,5,70,38,0.05,北美东部原生鳟鱼。需要最纯净的冷水溪流，是森林健康程度的指示物种。背上的虫纹斑点和白边腹鳍如雪花。
202,湖白鲑,Coregonus clupeaformis,淡水鱼,鲑科 Salmonidae,3,15.0,50.0,0.05,1.5,中层,白天,3;4;9;16;19;20,4,35,20,0.03,体银白侧扁，北美五大湖群的核心经济鱼种。嘴巴小需要小钩细线。冰钓时从深水拉出银光闪闪的白鲑如拉银条。
203,北极茴鱼,Thymallus arcticus,淡水鱼,鲑科 Salmonidae,4,15.0,45.0,0.05,1.5,中层,白天,5;9;11;13;16;19,5,65,35,0.04,背鳍极长如帆色彩绚烂，体有茴香味。北半球冷水清澈溪流中的飞钓宠儿。用飞蝇钓茴鱼是极地钓手的终极浪漫。
204,湖鳟,Salvelinus namaycush,淡水鱼,鲑科 Salmonidae,6,25.0,100.0,0.3,18.0,深层,白天,9;11;13;18;20,8,200,105,0.06,体型最大的鳟鱼，只在最深最冷的湖底生活。北美五大湖深层巨物，寿命可达50年以上。需要重型拖钓装备。
205,金目鲈,Lates calcarifer,洄游鱼,尖吻鲈科 Latidae,6,25.0,120.0,0.4,25.0,中上层,晨昏,8;9;11;13;14;34,9,200,105,0.07,又名澳洲肺鱼或盲曹，体银灰背隆起。东南亚和澳洲最重要的游钓和养殖鱼。幼鱼在淡水成年入海，中钩后跃出水面洗鳃。
206,孔雀鲈,Cichla ocellaris,淡水鱼,丽鱼科 Cichlidae,5,25.0,70.0,0.4,5.0,中上层,白天,5;8;9;11;13;14,8,120,65,0.05,亚马逊流域顶级游钓目标鱼，体金黄有醒目黑斑，尾柄有一大眼斑。昼行性伏击型掠食者，攻击水面拟饵时炸水惊人，拉力强悍，是南美最受欢迎的游钓鱼。
207,皇冠三间,Cichla temensis,淡水鱼,丽鱼科 Cichlidae,7,30.0,100.0,0.8,15.0,中上层,白天,5;8;9;11;13;14;34,9,300,160,0.07,孔雀鲈中体型最大者，体侧有三道纵向黑纹，俗称皇冠三间。最大可超15公斤，攻击水面饵时炸水如炸弹，中钩后猛烈洗鳃跳跃，是路亚爱好者的终极目标。
208,地图鱼,Astronotus ocellatus,淡水鱼,丽鱼科 Cichlidae,3,15.0,35.0,0.08,1.2,中层,全天,1;3;6;8;24,3,30,18,0.03,体色如地图般不规则红橙斑纹，尾柄有眼斑酷似眼睛。聪明互动性强，能认出饲主，是最聪明的观赏鱼之一。原产亚马逊，适应性极强，杂食性易饲养。
209,红魔鬼,Amphilophus labiatus,淡水鱼,丽鱼科 Cichlidae,3,12.0,30.0,0.05,0.8,中下层,白天,1;2;6;7;24,4,35,20,0.03,繁殖期雄鱼通体鲜红如火焰，性情极度凶猛好斗。中美洲丽鱼代表种，护卵时攻击一切入侵者连人手都敢咬。体高侧扁，成年雄鱼额头隆起呈瘤状，极具霸气。
210,九间菠萝,Cryptoheros nigrofasciatus,淡水鱼,丽鱼科 Cichlidae,2,6.0,12.0,0.005,0.03,中下层,白天,3;6;24;30,2,15,10,0.02,体侧有黑白相间条纹如斑马，小型丽鱼科。原产中美洲，繁殖力惊人，一对亲鱼数月就能繁殖出数百后代。耐粗养适应力强，是初学者入门的经典丽鱼。
211,七彩神仙,Symphysodon discus,淡水鱼,丽鱼科 Cichlidae,6,10.0,22.0,0.03,0.3,中层,白天,3;6;24,2,350,180,0.06,体如圆盘色彩绚烂，有蓝绿红棕等各品系。亚马逊之王观赏鱼，需极软酸性纯水才能饲养，号称热带鱼之王。体侧有九条竖纹，游姿优雅如水中仙子，极难伺候。
212,神仙鱼,Pterophyllum scalare,淡水鱼,丽鱼科 Cichlidae,4,8.0,18.0,0.01,0.1,中层,白天,3;6;24,2,60,35,0.04,体菱形高耸，背鳍和臀鳍极度发达如天使翅膀。银白体色配黑色竖纹，游姿飘逸优雅。原产亚马逊，全球最经典观赏鱼之一，几乎每个水族箱都曾养过神仙鱼。
213,大盖巨脂鲤,Colossoma macropomum,淡水鱼,锯脂鲤科 Serrasalmidae,7,30.0,100.0,1.5,25.0,中下层,白天,4;23;26;27;29,7,200,105,0.07,外形酷似食人鱼但体型巨大且完全植食。体灰黑侧扁，是亚马逊流域重要食用鱼和经济鱼。用强壮的臼齿咬碎坚果和果实，最大可超25公斤，群居活动声势浩大。
214,鸭嘴鲶,Pseudoplatystoma fasciatum,淡水鱼,油鲶科 Pimelodidae,6,30.0,120.0,1.0,20.0,底层,夜间,2;7;9;34,8,180,95,0.06,体银灰密布黑色条纹，长须扁头如鸭嘴。亚马逊大型掠食鲶，俗称老虎鸭嘴。夜行性底层猎手，嗅觉极其敏锐，用长须探测猎物，咬合后猛烈翻滚，拉力如蛮牛。
215,红尾鲶,Phractocephalus hemioliopterus,淡水鱼,油鲶科 Pimelodidae,7,35.0,140.0,2.0,40.0,底层,夜间,2;7;9;34,8,250,130,0.07,尾鳍和背鳍边缘鲜红如焰，体黑灰。亚马逊巨鲶，幼鱼在观赏鱼市场极受欢迎，但成长迅速可达1.4米40公斤。昼伏夜出，几乎吞食一切能入口的活物，大胃王本王。
216,亚马逊鸭嘴,Brachyplatystoma filamentosum,淡水鱼,油鲶科 Pimelodidae,8,40.0,200.0,3.0,100.0,底层,夜间,2;7;9;34;35,9,400,210,0.09,最长淡水鲶之一，体灰无鳞，须极长如鞭。亚马逊河底游弋的巨兽，最大可超2米100公斤。长途洄游产卵，是亚马逊渔民传说中的河神，搏鱼可持续数小时。
217,银龙鱼,Osteoglossum bicirrhosum,淡水鱼,骨舌鱼科 Osteoglossidae,6,25.0,90.0,0.3,6.0,中层,白天,5;8;9;11;14;34,6,300,155,0.06,体银白修长如银龙，鳞片大而闪亮，有两根短须。南美代表性龙鱼，口孵繁殖，雄鱼含卵护幼数周。水面掠食者，能跃出水面捕食昆虫和小鸟，观赏与游钓双绝。
218,非洲虎鱼,Hydrocynus goliath,淡水鱼,脂鲤科 Alestidae,9,40.0,150.0,2.0,50.0,中上层,白天,7;9;11;13;14;15;34,10,500,260,0.1,犬齿外露如吸血鬼，满口三角形利齿寒光闪闪。刚果河终极掠食者，最大50公斤，能撕碎比自己大的猎物。路亚终极挑战，攻击时如闪电，拉力暴烈持久，是非洲河怪之首。
219,维多利亚湖慈鲷,Haplochromis nyererei,淡水鱼,丽鱼科 Cichlidae,3,6.0,14.0,0.005,0.05,中层,白天,3;6;24,2,25,15,0.03,维多利亚湖特有慈鲷，体色绚烂多变如调色盘。非洲大湖辐射进化典范，数百近缘种共栖一湖。小型丽鱼，雄鱼婚姻色极其艳丽，是进化生物学教科书级的经典案例。
220,非洲龙鱼,Heterotis niloticus,淡水鱼,骨舌鱼科 Osteoglossidae,6,30.0,100.0,0.5,8.0,中层,白天,23;25;26;29,6,250,130,0.06,体灰黑侧扁，鳞片大而粗糙。非洲唯一骨舌鱼，滤食性，用鳃耙过滤浮游生物。能用鱼鳔呼吸空气耐低氧，筑圆形巢产卵。尼罗河流域传统食用鱼，体型大而温顺。
221,非洲肺鱼,Protopterus annectens,淡水鱼,非洲肺鱼科 Protopteridae,7,30.0,120.0,0.5,8.0,底层,夜间,1;2;7;10,5,280,150,0.07,能用肺直接呼吸空气，旱季钻入泥中分泌黏液形成泥茧夏眠，可存活数年等待雨季。来自远古的活化石，兼具鳃和肺，见证了脊椎动物从水中登陆的壮丽进化历程。
222,芦鳗,Erpetoichthys calabaricus,淡水鱼,多鳍鱼科 Polypteridae,5,15.0,35.0,0.02,0.15,底层,夜间,1;2;3;7;10,3,80,42,0.05,体细长如蛇无腹鳍，多鳍鱼近亲。俗称草绳恐龙，背上一排小鳍是标志。非洲西部淡水活化石，能用肺呼吸空气，常伏在水草丛中等候猎物，行动缓慢而神秘。
223,孔雀鱼,Poecilia reticulata,淡水鱼,花鳉科 Poeciliidae,1,2.0,6.0,0.001,0.005,中上层,白天,3;6;24;30,1,5,3,0.01,体色万千如活宝石，红蓝绿黑各色品系无数。卵胎生直接产下游动仔鱼，繁殖力极强。全球最普及观赏鱼，从热带到温带几乎无处不在，是无数人人生中的第一条鱼。
224,剑尾鱼,Xiphophorus hellerii,淡水鱼,花鳉科 Poeciliidae,2,5.0,15.0,0.003,0.06,中上层,白天,3;6;24;30,1,10,6,0.02,雄鱼尾鳍下叶延长呈剑状，体色有红绿黑等各色品种。中美洲原产，活泼好动耐粗养。经典卵胎生观赏鱼，剑尾是其标志性特征，群游时尾剑交错蔚为壮观。
225,黑玛丽,Poecilia sphenops,淡水鱼,花鳉科 Poeciliidae,2,4.0,10.0,0.002,0.03,中上层,白天,3;6;24;30,1,10,6,0.02,通体漆黑如墨，广盐性鱼类能适应淡水至海水环境。卵胎生，性情温和易饲养。黑玛丽和银玛丽是同一物种的不同品系，是入门级观赏鱼，也是水族箱中的黑色精灵。
226,斗鱼,Betta splendens,淡水鱼,丝足鲈科 Osphronemidae,3,4.0,8.0,0.002,0.01,中上层,白天,3;6;24,2,25,15,0.03,雄鱼鳍大如扇色彩绚烂，红蓝紫各色争奇斗艳。泰国经数百年选育的斗鱼，两条雄鱼相遇必死斗不休。有迷器可呼吸空气，能在低氧小水体存活，生命力极顽强。
227,丽丽鱼,Trichogaster lalius,淡水鱼,丝足鲈科 Osphronemidae,2,4.0,8.0,0.002,0.01,中层,白天,3;6;24,1,12,8,0.02,体侧有红蓝相间斜向条纹，小型迷宫鱼。有迷器可呼吸空气耐低氧，原产南亚。性格温和胆小，适合安静水草缸，雄鱼发色时艳丽夺目，是小型观赏鱼中的活宝石。
228,接吻鱼,Helostoma temminckii,淡水鱼,沼口鱼科 Helostomatidae,3,8.0,20.0,0.01,0.15,中层,白天,3;6;24,2,20,12,0.03,以嘴对嘴「接吻」行为闻名，实为领地争夺而非亲昵。体粉红或银白，唇部发达肥厚。东南亚常见食用兼观赏鱼，用梳状牙齿刮食藻类和底层有机物，是水族箱的清洁工。
229,泰国鲫,Barbonymus schwanenfeldii,淡水鱼,鲤科 Cyprinidae,4,15.0,40.0,0.08,1.5,中层,白天,1;3;4;23;24;26,3,40,22,0.04,体银白背鳍和尾鳍鲜红，东南亚大型观赏鲤科。群游时银红相间蔚为壮观，是大型水族馆和池塘的明星鱼。原产泰国至印尼，杂食性易饲养，游速快群体感极强。
230,清道夫,Pterygoplichthys pardalis,淡水鱼,甲鲶科 Loricariidae,2,15.0,50.0,0.05,0.8,底层,夜间,1;3;24;26;28,2,12,8,0.02,体披骨质铠甲如铁甲武士，吸盘状嘴啃食藻类和有机碎屑。原产南美，因观赏鱼贸易入侵全球，在华南水域已成灾。生命力极强离水数小时不死，名副其实的水中小强。
231,线鳗,Macrognathus aculeatus,淡水鱼,刺鳅科 Mastacembelidae,4,15.0,45.0,0.03,0.3,底层,夜间,1;2;3;7;10,3,45,25,0.04,吻部延长如象鼻，背部有一排独立尖刺鳍条。体色斑驳如豹纹，夜行性底栖。遇危险迅速钻入沙中只露吻尖，是水族箱中的越狱高手，细长身姿如水中鳗蛇。
232,蓝倒吊,Paracanthurus hepatus,海水鱼,刺尾鱼科 Acanthuridae,4,10.0,28.0,0.02,0.4,中上层,白天,3;4;8;23;24;26,2,45,25,0.04,通体宝蓝有黑色斑纹，尾鳍鲜黄，体侧扁呈盘状。《海底总动员》中Dory的原型，印度-太平洋珊瑚礁常见群游鱼种，以浮游藻类为主食。
233,黄高鳍刺尾鱼,Zebrasoma flavescens,海水鱼,刺尾鱼科 Acanthuridae,4,8.0,20.0,0.01,0.2,中层,白天,3;4;8;23;24;26,2,40,22,0.04,通体明黄如柠檬，体侧扁高耸，吻部突出。尾柄两侧各有一枚白色可伸缩毒刺，用于防御。夏威夷和太平洋热带珊瑚礁的标志性观赏鱼。
234,粉蓝刺尾鱼,Acanthurus leucosternon,海水鱼,刺尾鱼科 Acanthuridae,4,10.0,25.0,0.02,0.3,中层,白天,3;4;8;23;24;26,2,42,24,0.04,通体宝蓝色，面部和喉部纯白如戴面罩，背鳍鲜黄。印度洋珊瑚礁标志性鱼种，领域性极强，常驱赶入侵者。
235,鹦嘴鱼,Scarus quoyi,海水鱼,鹦嘴鱼科 Scaridae,3,15.0,45.0,0.06,1.5,中层,白天,3;8;23;24;26,3,30,18,0.03,牙齿融合如鹦鹉喙，啃食珊瑚藻类并排出白色细沙，是珊瑚礁的'造沙工厂'。雌雄异色，部分种类夜间分泌黏液茧包裹身体睡觉。
236,波纹唇鱼,Cheilinus undulatus,海水鱼,隆头鱼科 Labridae,8,40.0,200.0,2.0,150.0,中层,白天,7;8;9;18;20;34,8,500,270,0.09,俗称'苏眉鱼'或'拿破仑鱼'，额头隆起如戴皇冠，体有蓝绿波浪纹。珊瑚礁之王，可长至2米以上，极度濒危，IUCN红色名录列为濒危物种。
237,青衣鱼,Halichoeres trimaculatus,海水鱼,隆头鱼科 Labridae,3,10.0,30.0,0.02,0.3,中层,白天,3;8;24;26,2,25,15,0.03,体色翠绿带不规则暗色斑点，体侧扁延长。小型隆头鱼，白天在珊瑚礁沙地穿梭觅食小型甲壳类，肉质鲜嫩是南方沿海常见食用鱼。
238,蝴蝶鱼,Chaetodon auriga,海水鱼,蝴蝶鱼科 Chaetodontidae,3,8.0,20.0,0.01,0.1,中层,白天,3;4;8;24;26,2,35,20,0.04,体侧扁呈圆形，黄白相间有黑色斜纹，眼后有一黑色圆斑伪装成假眼迷惑天敌。珊瑚礁中最优雅的舞者，常成对出没，以珊瑚虫和管虫为食。
239,马夫鱼,Heniochus acuminatus,海水鱼,蝴蝶鱼科 Chaetodontidae,3,10.0,25.0,0.02,0.2,中层,白天,3;4;8;24;26,2,30,18,0.03,背鳍第四棘极长如旗帜飘扬，体侧黑白双色条纹分明。俗称'黑白关刀'，常成对在珊瑚礁上方优雅游弋，以浮游动物和小型底栖无脊椎动物为食。
240,帝王神仙鱼,Pomacanthus imperator,海水鱼,盖刺鱼科 Pomacanthidae,5,15.0,35.0,0.05,0.8,中层,白天,8;16;17;24;26,4,120,65,0.06,幼鱼体色深蓝布满白色同心圆纹，成鱼则变为深蓝底配黄白水平条纹，变化惊艳。珊瑚礁中的贵族，领域性强，以海绵和海鞘为主食。
241,法国神仙鱼,Pomacanthus paru,海水鱼,盖刺鱼科 Pomacanthidae,4,12.0,30.0,0.04,0.5,中层,白天,8;16;17;24;26,3,90,50,0.05,体黑底色配金黄色细密横纹如穿着燕尾服的绅士。大西洋热带珊瑚礁的标志性鱼种，幼鱼会为其他大鱼提供'清洁服务'，啄食体表寄生虫。
242,天竺鲷,Apogon imberbis,海水鱼,天竺鲷科 Apogonidae,2,6.0,15.0,0.003,0.04,中层,夜间,3;8;24,1,15,8,0.02,体呈橙红至鲜红色，眼睛大而黑。夜行性小型珊瑚礁鱼，白天藏于岩缝洞穴中。最奇特的是雄鱼口孵——将受精卵含在口中直至孵化。
243,金鳞鱼,Sargocentron diadema,海水鱼,金鳞鱼科 Holocentridae,2,8.0,20.0,0.01,0.1,中层,夜间,3;8;24,2,20,12,0.03,体鲜红色有银白细横纹，鳞片大而闪亮，眼睛极大适应暗光。夜间从珊瑚礁缝隙钻出，以甲壳类和小鱼为食。背鳍硬棘尖锐，处理需小心。
244,银鲈,Gerres filamentosus,海水鱼,银鲈科 Gerreidae,2,8.0,22.0,0.01,0.2,中层,白天,3;8;24;26,2,18,10,0.02,体侧扁银白色，鳞片细小反光如镜。常见于沙泥底质近海和河口，嘴可向下伸缩探入沙中吸食底栖蠕虫和甲壳类，群游性强。
245,猪鱼,Bodianus rufus,海水鱼,隆头鱼科 Labridae,4,12.0,35.0,0.03,0.7,中层,白天,8;18;24,3,50,28,0.04,体前部红色后部黄色，头部较大吻部突出。能用发达的前齿咬碎贝壳、海胆和螃蟹等硬壳猎物。大西洋热带珊瑚礁常见，幼鱼也为清洁鱼。
246,羊鱼,Mullus surmuletus,海水鱼,羊鱼科 Mullidae,3,10.0,30.0,0.02,0.3,底层,白天,1;8;18;24,3,45,25,0.04,体呈粉红至橙红，下颌有两根肉质触须如山羊胡子，在沙中探测隐藏的小型甲壳类和蠕虫。肉质一流，地中海国家视其为顶级食用鱼。
247,东方石鲈,Plectorhinchus orientalis,海水鱼,石鲈科 Haemulidae,3,15.0,40.0,0.05,1.0,中层,白天,8;18;24,3,35,20,0.03,体灰黄有黑色纵纹和多条黄色细线，唇部肥厚。幼鱼泳姿奇特，模仿有毒扁虫游动以欺骗天敌。印度-太平洋珊瑚礁区常见，夜间觅食底栖无脊椎动物。
248,裸盖鱼,Anoplopoma fimbria,海水鱼,黑鲉科 Anoplopomatidae,7,30.0,90.0,0.5,8.0,底层,全天,7;8;9;18;20;34,6,280,150,0.07,俗称'银鳕鱼'或'黑鳕'，体延长背部深灰腹白。阿拉斯加和北太平洋冷水深海珍品，肉质含油量高达20%，入口即化堪称深海黄油。商业价值极高。
249,长尾鳕,Coryphaenoides rupestris,海水鱼,长尾鳕科 Macrouridae,4,20.0,80.0,0.1,3.0,深层,全天,7;8;18;20,4,55,30,0.04,尾部极细长如鼠尾向后渐尖，头部大而圆钝。北大西洋深海底层群居鱼类，数量极为庞大，是深海生态系统的主要消费者，以底栖无脊椎动物为食。
250,安康鱼,Lophius piscatorius,海水鱼,鮟鱇科 Lophiidae,6,30.0,120.0,0.5,15.0,底层,全天,7;8;9;18;20;34,7,200,105,0.07,头大无比扁平如煎饼，嘴宽占体长一半以上。头顶有一根特化发光鳍条，在深海中晃动引诱小鱼靠近后暴起吞食。日本'鮟鱇锅'的主角，肝尤为极品。
251,红斑鱼,Sebastes norvegicus,海水鱼,平鲉科 Sebastidae,4,15.0,50.0,0.05,2.0,底层,全天,7;8;18;20,4,65,35,0.05,体呈鲜艳橙红色，背鳍硬棘发达。北大西洋冷水深海常见底栖鱼，生长极为缓慢，寿命可达60年以上。卵胎生，幼鱼直接在母体内孵化后产出。
252,胸棘鲷,Hoplostethus atlanticus,海水鱼,棘鲷科 Trachichthyidae,7,15.0,55.0,0.08,2.5,深层,夜间,8;18;20;31,5,350,185,0.09,俗称'Orange Roughy'，体呈砖红色，头部有发达的黏液管系统。寿命可达150年，是已知最长寿的商业鱼类。因过度捕捞已极度濒危，许多海域禁止捕捞。
253,深海鲂鮄,Chelidonichthys lucerna,海水鱼,鲂鮄科 Triglidae,4,12.0,45.0,0.03,1.0,底层,全天,7;8;18;20,4,55,30,0.04,胸鳍前三根鳍条独立呈指状，能在海底'行走'翻砂探测隐藏的甲壳类和蠕虫。胸鳍展开如蝴蝶翅膀色彩艳丽，还能用鱼鳔发出咕噜声。
254,狼鱼,Anarhichas lupus,海水鱼,狼鱼科 Anarhichadidae,6,40.0,120.0,1.0,15.0,底层,全天,7;8;9;18;20;34,8,220,115,0.07,体延长粗壮灰蓝至深褐色，上下颌布满恐怖臼齿，能轻松咬碎螃蟹、海胆和贝类。北大西洋冷水底层掠食者，面目狰狞但肉质洁白鲜美。
255,条纹四鳍旗鱼,Tetrapturus audax,海水鱼,旗鱼科 Istiophoridae,8,60.0,280.0,5.0,120.0,表层,白天,8;9;11;12;13;14;15;20;34;35,10,800,420,0.1,体延长侧扁，上颌如长枪，体侧有蓝白相间竖条纹。印度-太平洋海域常见旗鱼，最高游速可达100km/h，中钩后疯狂跳跃洗鳃是深海钓的视觉盛宴。
256,大西洋旗鱼,Istiophorus albicans,海水鱼,旗鱼科 Istiophoridae,8,70.0,300.0,8.0,100.0,表层,白天,8;9;11;12;13;14;15;20;34;35,10,850,450,0.1,第一背鳍极为高耸如巨帆，展开时超过体高两倍，是大西洋版旗鱼。利用巨帆围猎沙丁鱼群，团队协作能力惊人。佛罗里达海域的传奇游钓目标。
257,大西洋鲭,Scomber scombrus,海水鱼,鲭科 Scombridae,2,15.0,50.0,0.05,1.0,中上层,白天,3;4;8;11;12;13,4,25,15,0.03,体纺锤形，背部有蓝色虎纹状斑纹，腹部银白。北大西洋集群洄游鱼类，小型金枪鱼近亲。游速快耐力好，是欧洲最重要的经济鱼种之一。
258,竹荚鱼,Trachurus trachurus,海水鱼,鲹科 Carangidae,2,12.0,40.0,0.03,0.6,中上层,白天,3;4;8;11;12;13,4,22,12,0.02,体银灰侧扁，侧线全程被骨质棱鳞覆盖如铠甲。全球最重要食用鱼之一，日本称'あじ'，从刺身到油炸做法多样，是大众海鲜的代表。
259,秋刀鱼,Cololabis saira,海水鱼,竹刀鱼科 Scomberesocidae,2,15.0,35.0,0.03,0.3,中上层,夜间,3;4;8;31,3,25,14,0.03,体细长银白如日本刀，吻尖下颌突出。北太平洋表层洄游，秋季脂肪含量最高时最为肥美。日本'秋之味觉'代表，炭火盐烤是秋天最经典的画面。
260,沙丁鱼,Sardina pilchardus,海水鱼,鲱科 Clupeidae,1,8.0,22.0,0.005,0.1,中上层,白天,3;4;24;25,1,8,5,0.01,体银白侧扁细小，集群如银云在海洋中翻涌流动。海洋食物链的基石，被几乎所有大型掠食者追逐。沙丁鱼群洄游是地球上最壮观的自然景象之一。
261,鳀鱼,Engraulis encrasicolus,海水鱼,鳀科 Engraulidae,1,6.0,16.0,0.003,0.03,中上层,白天,3;4;24,1,10,6,0.01,体极细长吻部向前突出超过下颌。地中海盐渍鳀鱼是披萨和意面的灵魂配料，也是恺撒沙拉的点睛之笔。集群活动，是金枪鱼和海豚最爱的食物。
262,鲱鱼,Clupea harengus,海水鱼,鲱科 Clupeidae,2,10.0,35.0,0.01,0.4,中上层,白天,3;4;8;11;12;24,2,15,10,0.02,北大西洋渔业之王，曾让荷兰组建专门舰队护航鲱鱼船队。体银蓝侧扁，集群规模可达数十亿尾，是大西洋生态与人类历史交织最深的鱼类。
263,北极鳕,Boreogadus saida,海水鱼,鳕科 Gadidae,3,8.0,30.0,0.005,0.2,中下层,全天,1;3;8;18;20;24,3,30,18,0.03,体银灰纺锤形，北极海域优势鱼种。北极生态系统基石物种，海豹、独角鲸和北极熊的主要食物来源。集群活动，以桡足类和小型甲壳动物为食。
264,毛鳞鱼,Mallotus villosus,海水鱼,胡瓜鱼科 Osmeridae,2,10.0,22.0,0.01,0.08,中上层,白天,3;4;8;11;24;25,2,15,10,0.02,体细长银灰半透明，北极最重要的小型饵料鱼。繁殖期雄鱼体侧有粗糙'毛'状鳞片。集群密度极大，如潮水般涌向海岸产卵，场面壮观。
265,格陵兰鲨,Somniosus microcephalus,软骨鱼,睡鲨科 Somniosidae,9,150.0,500.0,100.0,800.0,深层,全天,7;9;18;20;32;34;35,8,900,480,0.12,寿命可达400–500年，世界最长寿脊椎动物。体灰褐粗壮有暗色横带。肉含剧毒三甲胺氧化物，冰岛人将其发酵制成Hákarl。游速极慢如幽灵。
266,江鳕,Lota lota,淡水鱼,鳕科 Gadidae,5,25.0,80.0,0.3,5.0,底层,夜间,2;7;9;10;18;34,5,80,45,0.05,唯一纯淡水鳕鱼，体延长有虎纹状斑纹。冬季冰下最活跃，夏季蛰伏深水。肝大而肥美富含维生素，北欧传统美食。夜行底栖掠食者。
267,海鲂,Zeus faber,海水鱼,海鲂科 Zeidae,5,15.0,50.0,0.08,2.0,中层,全天,1;7;8;9;18;24,4,85,48,0.05,体极侧扁呈菱形，银灰带橄榄光泽。体侧有大型黑色圆斑，传说为圣彼得从鱼口中取金币时留下的指印。伏击小鱼和鱿鱼为食。
268,澳洲肺鱼,Neoceratodus forsteri,淡水鱼,澳洲肺鱼科 Ceratodontidae,8,40.0,150.0,1.5,30.0,底层,全天,1;2;7;10;23;27;28,6,450,240,0.09,活化石，已存在超过一亿年。鳔特化为肺可直接呼吸空气，离水仍能存活。澳洲本土最古老鱼类，受联邦法律严格保护，钓获必须立即放生。
269,墨累鳕,Maccullochella peelii,淡水鱼,真鲈科 Percichthyidae,7,30.0,100.0,1.0,20.0,底层,夜间,2;7;9;16;17;34,7,280,150,0.07,澳洲最大纯淡水鱼，体墨绿带不规则暗色斑纹。极度长寿，有记录活过50年。伏击型顶级掠食者，中钩后爆发力惊人，是澳洲游钓的国宝级目标。
270,澳洲鲈,Macquaria ambigua,淡水鱼,真鲈科 Percichthyidae,5,20.0,60.0,0.2,3.5,中层,白天,1;4;9;11;13;16;23,5,70,38,0.05,体侧扁金黄至青铜色，墨累–达令流域最重要的游钓鱼种。俗称金鲈。适应力强从清澈溪流到浑浊河流皆能生存，是澳洲内陆钓友最熟悉的伙伴。
271,澳洲金鲈,Bidyanus bidyanus,淡水鱼,真鲈科 Percichthyidae,4,15.0,45.0,0.08,2.0,中层,白天,1;4;23;24;26;28,4,55,30,0.04,体卵圆侧扁银灰，澳洲内陆河流标志性鱼种。集群活动以水生昆虫和小鱼为主食。肉质鲜美是重要食用鱼，也是内陆休闲渔业的经济支柱。
272,长鳍鳗,Anguilla reinhardtii,淡水鱼,鳗鲡科 Anguillidae,4,20.0,80.0,0.15,3.0,底层,夜间,1;2;3;7;9;10,5,70,38,0.04,澳洲和新西兰特有长鳍鳗，背鳍极长始于头部后方。寿命可达60年。降海洄游至数千公里外的深海产卵，一生只繁殖一次。夜行性，滑溜难抓。
273,短鳍鳗,Anguilla australis,淡水鱼,鳗鲡科 Anguillidae,3,15.0,60.0,0.08,1.5,底层,夜间,1;2;3;7;10,4,40,22,0.03,比长鳍鳗体型略小，背鳍起始位置更靠后。澳洲和新西兰广泛分布，传统毛利人重要食物来源。同样降海产卵，幼鳗需数年漂回淡水。
274,澳洲魟,Dasyatis brevicaudata,软骨鱼,魟科 Dasyatidae,5,30.0,120.0,2.0,40.0,底层,夜间,1;7;8;9;18;34,6,130,70,0.06,南半球最大魟鱼，体盘宽大近菱形灰褐色。尾部粗壮具锯齿状毒刺，被刺可致命。港湾和河口常见，常埋于沙中仅露双眼和喷水孔。
275,新西兰笛鲷,Pagrus auratus,海水鱼,鲷科 Sparidae,5,15.0,55.0,0.1,3.0,中下层,白天,1;8;18;20;23;24,5,85,45,0.05,又名澳洲鲷，体银粉带蓝色斑点。澳洲和新西兰最常见近海鲷科鱼种。重要商业和游钓鱼，全年可钓。肉质白嫩，是炸鱼薯条的经典原料。
276,白鲟,Acipenser transmontanus,淡水鱼,鲟科 Acipenseridae,8,60.0,250.0,5.0,200.0,底层,全天,2;7;10;26;27;34,9,550,290,0.1,北美最大淡水鱼之一，体灰绿至橄榄色，吻短宽。哥伦比亚河和弗雷泽河巨型白鲟，寿命可超100年。无鳞无牙用吻部感应猎物，底栖滤食兼肉食。
277,小体鲟,Acipenser ruthenus,淡水鱼,鲟科 Acipenseridae,5,20.0,65.0,0.1,2.0,底层,全天,2;10;26;27;28,5,100,55,0.06,最小的鲟鱼品种，体灰褐细长，吻尖锐。终生淡水定居不洄游入海。鱼子酱品质极佳，被誉为'黄金小鲟子酱'。俄罗斯和东欧广泛养殖。
278,欧洲鳇,Huso huso,洄游鱼,鲟科 Acipenseridae,9,100.0,500.0,20.0,1000.0,底层,全天,2;7;9;10;34;35,10,1800,950,0.15,世界最大淡水鱼有力竞争者，最大记录超1500公斤。里海和黑海洄游巨兽。雌鱼卵制成Beluga鱼子酱，每公斤售价数万欧元，被称为黑色黄金。
279,湄公河巨鳐,Himantura chaophraya,软骨鱼,魟科 Dasyatidae,9,50.0,200.0,10.0,300.0,底层,全天,7;9;18;20;34;35,9,850,460,0.12,已知最大淡水软骨鱼。体盘极宽灰褐，尾部如鞭具毒刺。湄公河流域极度濒危，筑坝和过度捕捞导致种群崩溃。钓获如此巨物是淡水钓的终极传奇。
280,恒河鲨,Glyphis gangeticus,软骨鱼,真鲨科 Carcharhinidae,9,60.0,200.0,15.0,120.0,中下层,夜间,9;12;15;20;32;34;35,9,750,400,0.12,极少数完全适应淡水的真鲨之一。眼小体灰，牙齿锋利呈三角形。恒河–雅鲁藏布江流域特有。极度濒危，数十年未有可靠活体记录，几近灭绝。
281,牛鲨,Carcharhinus leucas,软骨鱼,真鲨科 Carcharhinidae,8,70.0,300.0,20.0,200.0,全层,全天,9;12;15;20;32;34;35,9,650,350,0.1,能完全适应淡水，可深入内陆河流数千公里。体粗壮灰褐，攻击性极强，多数近岸鲨鱼袭击事件的真凶。密西西比河和亚马孙河均有记录。
282,地中海石斑,Epinephelus marginatus,海水鱼,鮨科 Serranidae,6,25.0,120.0,0.5,30.0,底层,晨昏,8;9;18;20;34,7,240,125,0.07,地中海最大石斑鱼，体褐至橄榄色带不规则黄色斑块。能活50年，雌性先熟后转为雄性。岩礁区的顶级伏击掠食者，地中海潜水员的偶像。
283,飞鱼,Exocoetus volitans,海水鱼,飞鱼科 Exocoetidae,3,10.0,28.0,0.01,0.2,表层,白天,4;5;8;11;14;25,3,35,20,0.03,胸鳍极度宽大张开如翅膀，能跃出水面滑翔百米以上。尾鳍下叶长于上叶，在水面急速摆动获得起飞推力。逃离金枪鱼和鲯鳅追捕的绝技。
284,月鱼,Lampris guttatus,海水鱼,月鱼科 Lampridae,7,40.0,160.0,2.0,60.0,中上层,白天,8;9;11;12;13;20,6,320,170,0.08,体圆如巨大银盘，散布白色斑点，鳍鲜红如火焰。世界唯一已知全身恒温鱼类，核心体温比环境水温高5°C。深海中层巡游的温血奇迹。
285,翻车鱼,Mola mola,海水鱼,翻车鱼科 Molidae,7,50.0,250.0,10.0,1500.0,表层,白天,8;11;23;25;29;35,5,450,240,0.09,世界最重硬骨鱼，体如被砍掉后半截呈圆盘状。常翻躺在海面'晒太阳'，让海鸟啄食体表寄生虫。一次可产3亿枚卵，幼鱼仅2毫米如刺猬。
286,海马,Hippocampus kuda,海水鱼,海龙科 Syngnathidae,4,5.0,28.0,0.001,0.05,中层,白天,1;3;8;24;28,1,65,32,0.06,唯一真正直立游泳的鱼类，头如马首，尾巴可卷附海草固定。雄鱼腹部有育儿袋，由雄鱼'怀孕'分娩。全球濒危，受CITES附录II保护。
287,波士顿龙虾,Homarus americanus,甲壳类,海螯虾科 Nephropidae,6,10.0,50.0,0.1,2.5,底层,夜间,1;7;8;18;20;24,3,200,100,0.06,螯足一大一小不对称，北美大西洋沿岸顶级海鲜。寿命可达百年，夜行性底栖，栖息于岩礁缝隙中，以鱼蟹贝类和蠕虫为食。
288,帝王蟹,Paralithodes camtschaticus,甲壳类,石蟹科 Lithodidae,7,20.0,60.0,0.5,5.0,底层,全天,1;7;8;18;20;34,4,350,180,0.08,虽名为蟹实为寄居蟹近亲。阿拉斯加冰冷海底的'红金'，螯足粗壮肉质饱满，仅三对步足，是蟹中当之无愧的帝王。
289,雪蟹,Chionoecetes opilio,甲壳类,突眼蟹科 Oregoniidae,5,8.0,20.0,0.1,1.0,底层,全天,1;7;8;18;20;24,2,120,60,0.05,北太平洋和西北大西洋冷水底层栖息。蟹腿细长如银钩，肉质甜嫩似凝脂，清蒸最能体现其天然鲜甜风味。
290,面包蟹,Cancer pagurus,甲壳类,黄道蟹科 Cancridae,4,10.0,25.0,0.2,2.5,底层,夜间,1;7;8;18;24,2,80,40,0.04,背甲宽厚隆起如面包，欧洲最常见食用蟹。双螯粗壮有力，蟹膏金黄丰腴，秋冬季节最为肥美，英法海鲜市场的主角。
291,青蟹,Scylla serrata,甲壳类,梭子蟹科 Portunidae,5,8.0,25.0,0.1,2.0,底层,夜间,1;7;8;18;20;34,3,150,75,0.05,体墨绿色螯足巨大厚实，红树林和河口常见。性情凶猛攻击性强，双螯可轻松夹碎贝壳，亚洲最名贵食用蟹之一。
292,虎虾,Penaeus monodon,甲壳类,对虾科 Penaeidae,3,8.0,30.0,0.01,0.3,底层,夜间,1;3;6;8;24,1,30,15,0.03,体被黑色虎纹状条纹，世界最大养殖虾种。野生个体体长可超30cm，肉质更紧实鲜甜，夜晚活跃于沙泥底质觅食。
293,斑节虾,Marsupenaeus japonicus,甲壳类,对虾科 Penaeidae,4,8.0,22.0,0.01,0.15,底层,夜间,1;3;8;24,1,45,22,0.04,体有蓝褐相间美丽条纹，活体色彩极美如艺术品。日本料理中高级刺身虾，肉质晶莹弹牙，生食最能品其清甜。
294,罗氏沼虾,Macrobrachium rosenbergii,甲壳类,长臂虾科 Palaemonidae,3,10.0,30.0,0.02,0.3,中下层,夜间,1;3;6;8;23;24;27,1,35,18,0.03,淡水长臂巨虾，雄虾螯足极长呈醒目蓝色。世界最大淡水虾，夜行性喜栖水草丛生处，东南亚重要的淡水养殖品种。
295,小龙虾,Procambarus clarkii,甲壳类,蝲蛄科 Cambaridae,1,5.0,12.0,0.01,0.06,底层,夜间,1;2;3;6;23;24;27;28,1,10,5,0.01,原产北美，已扩散为全球入侵物种。红彤彤一盆麻辣小龙虾是夏天的灵魂，夜行底栖杂食，几乎什么都吃。
296,琵琶虾,Scyllarides latus,甲壳类,蝉虾科 Scyllaridae,5,10.0,35.0,0.1,1.0,底层,夜间,1;7;8;18;20;24,2,130,65,0.05,体扁平如拖鞋无大螯，触角宽大如铲。肉质洁白细嫩堪比龙虾，日间藏身岩礁缝隙中，夜间外出觅食贝类。
297,鼓虾,Alpheus bellulus,甲壳类,鼓虾科 Alpheidae,3,2.0,6.0,0.001,0.01,底层,全天,1;3;6;24,1,20,10,0.03,一只巨螯大如手枪，闭合时产生冲击波击晕猎物。瞬间气泡坍缩温度可达5000℃，名副其实的海洋枪手，常与虾虎鱼共生。
298,螳螂虾,Odontodactylus scyllarus,甲壳类,齿虾蛄科 Odontodactylidae,5,8.0,20.0,0.02,0.15,底层,白天,1;7;8;18;20;34,3,100,50,0.05,七彩斑斓的海洋拳击手。出拳速度子弹级可击碎玻璃，眼睛有16种视锥细胞感知紫外和偏振光，视觉系统远超人类。
299,拟乌贼,Sepioteuthis lessoniana,软体类,枪乌贼科 Loliginidae,4,10.0,35.0,0.05,0.8,中层,夜间,8;9;11;13;18;20,4,65,35,0.04,俗称'软丝'，体肥厚肉质甜美。珊瑚礁区重要渔业目标，夜行趋光性强，灯光诱捕效率极高，是鱿鱼钓的主要对象之一。
300,火焰乌贼,Metasepia pfefferi,软体类,乌贼科 Sepiidae,5,3.0,8.0,0.005,0.03,底层,白天,8;18;24,3,120,60,0.06,体色明黄与暗红交替变幻如火。以腕足在海底'行走'而非游泳，体内含有剧毒（与河豚同级别），只可远观不可触碰。
301,蓝环章鱼,Hapalochlaena maculosa,软体类,章鱼科 Octopodidae,7,5.0,15.0,0.01,0.08,底层,夜间,7;8;9;18;20;34,4,280,145,0.08,体小如掌但携带致命河豚毒素。受威胁时蓝环闪亮如霓虹灯，是海洋中最危险的警告信号，目前尚无抗毒血清。
302,船蛸,Argonauta argo,软体类,船蛸科 Argonautidae,6,5.0,20.0,0.01,0.3,表层,白天,8;9;11;13;14,3,200,100,0.07,雌性分泌薄壳如纸船，以腕足膜为帆漂流大洋。雄性极小仅几毫米。表层浮游生活，是海洋中最浪漫的微型帆船。
303,鹦鹉螺,Nautilus pompilius,软体类,鹦鹉螺科 Nautilidae,8,8.0,20.0,0.03,0.3,深层,夜间,8;9;18;20;34;35,2,450,230,0.1,五亿年不变设计的活化石。螺旋壳内以气室调节浮力自由升降，夜间从深海上升觅食白天潜回，是大自然的精密工程杰作。
304,海龟,Chelonia mydas,爬行类,海龟科 Cheloniidae,8,40.0,120.0,30.0,200.0,中上层,白天,4;8;23;26;27;29;35,7,350,200,0.08,绿海龟，海洋中的古老旅者。穿越整个大洋回到出生地沙滩产卵，迁徙路线刻在基因中，海龟保护是全球共同的使命。
305,海蛇,Hydrophis platurus,爬行类,眼镜蛇科 Elapidae,7,40.0,100.0,0.1,0.8,表层,白天,7;8;9;13;14;34,6,250,130,0.07,黄腹海蛇，随洋流漂流整个太平洋。毒性极强但性情温顺不主动攻击人类，表层漂浮觅食小型鱼类，尾部扁平善游泳。
306,海星,Asterias rubens,棘皮类,海盘车科 Asteriidae,2,5.0,30.0,0.01,0.3,底层,全天,1;3;6;18;24,1,15,8,0.02,五腕辐射对称，再生能力惊人。翻出胃袋包裹消化猎物，名副其实的海洋清道夫，默默维持着海底生态系统的平衡。
307,海胆,Tripneustes gratilla,棘皮类,毒棘海胆科 Toxopneustidae,3,4.0,12.0,0.02,0.3,底层,白天,1;8;18;24,1,40,20,0.03,刺长而密如马鬃，生殖腺金黄似凝脂。日料中的'雲丹'被誉为海洋的黄油，是寿司和刺身旁的甜品级顶级食材。
308,水母,Rhopilema esculentum,软体类,根口水母科 Rhizostomatidae,3,10.0,50.0,0.1,2.0,中上层,白天,8;23;26;29,1,25,12,0.03,可食用海蜇，透明如流动果冻随波漂荡。加工后成亚洲凉拌海蜇皮，夏日的爽脆清凉小菜，是海洋中的浮云精灵。
