MapFishId,MapId,FishId,SpawnWeight,BestTime,BestSeason,BestWeather,MinDepth_m,MaxDepth_m
1,2,1,2005,5-9;16-20,Spring;Summer;Autumn,Sunny;Cloudy;Rainy,,
2,6,1,2005,5-9;16-20,Spring;Summer;Autumn,Sunny;Cloudy;Rainy,,
3,3,1,1995,5-9;16-20,Spring;Summer;Autumn,Sunny;Cloudy;Rainy,,
4,15,1,1995,5-9;16-20,Spring;Summer;Autumn,Sunny;Cloudy;Rainy,,
5,4,1,1993,5-9;16-20,Spring;Summer;Autumn,Sunny;Cloudy;Rainy,,
6,14,2,1336,5-9;16-20,Spring;Summer;Autumn,Sunny;Cloudy;Rainy,,
7,3,2,1335,5-9;16-20,Spring;Summer;Autumn,Sunny;Cloudy;Rainy,,
8,6,2,1334,5-9;16-20,Spring;Summer;Autumn,Sunny;Cloudy;Rainy,,
9,4,2,1334,5-9;16-20,Spring;Summer;Autumn,Sunny;Cloudy;Rainy,,
10,15,2,1331,5-9;16-20,Spring;Summer;Autumn,Sunny;Cloudy;Rainy,,
11,2,3,1337,7-11;14-18,Spring;Summer;Autumn,Sunny;Cloudy;Rainy,,
12,14,3,1333,7-11;14-18,Spring;Summer;Autumn,Sunny;Cloudy;Rainy,,
13,4,3,1332,7-11;14-18,Spring;Summer;Autumn,Sunny;Cloudy;Rainy,,
14,14,4,1340,8-16,Spring;Summer;Autumn,Sunny;Cloudy,,
15,4,4,1338,8-16,Spring;Summer;Autumn,Sunny;Cloudy,,
16,15,4,1338,8-16,Spring;Summer;Autumn,Sunny;Cloudy,,
17,3,4,1335,8-16,Spring;Summer;Autumn,Sunny;Cloudy,,
18,3,5,1338,8-16,Spring;Summer;Autumn,Sunny;Cloudy,,
19,6,5,1336,8-16,Spring;Summer;Autumn,Sunny;Cloudy,,
20,14,5,1335,8-16,Spring;Summer;Autumn,Sunny;Cloudy,,
21,3,6,603,18-5,Spring;Summer;Autumn,Sunny;Cloudy;Rainy,,
22,6,6,601,18-5,Spring;Summer;Autumn,Sunny;Cloudy;Rainy,,
23,2,7,1339,7-10;15-18,Spring;Summer;Autumn,Sunny;Cloudy;Rainy,,
24,4,7,1336,7-10;15-18,Spring;Summer;Autumn,Sunny;Cloudy;Rainy,,
25,3,7,1334,7-10;15-18,Spring;Summer;Autumn,Sunny;Cloudy;Rainy,,
26,6,7,1333,7-10;15-18,Spring;Summer;Autumn,Sunny;Cloudy;Rainy,,
27,4,8,753,9-17,Spring;Summer;Autumn,Sunny;Cloudy;Rainy,,
28,3,8,751,9-17,Spring;Summer;Autumn,Sunny;Cloudy;Rainy,,
29,1,8,750,9-17,Spring;Summer;Autumn,Sunny;Cloudy;Rainy,,
30,5,8,749,9-17,Spring;Summer;Autumn,Sunny;Cloudy;Rainy,,
31,2,9,2004,5-9;16-20,Spring;Summer;Autumn,Sunny;Cloudy,,
32,14,9,2004,5-9;16-20,Spring;Summer;Autumn,Sunny;Cloudy,,
33,3,9,2002,5-9;16-20,Spring;Summer;Autumn,Sunny;Cloudy,,
34,5,9,2002,5-9;16-20,Spring;Summer;Autumn,Sunny;Cloudy,,
35,6,9,1999,5-9;16-20,Spring;Summer;Autumn,Sunny;Cloudy,,
36,2,10,602,4-7;17-20,Spring;Summer;Autumn,Sunny;Cloudy,,
37,14,10,602,4-7;17-20,Spring;Summer;Autumn,Sunny;Cloudy,,
38,1,10,602,4-7;17-20,Spring;Summer;Autumn,Sunny;Cloudy,,
39,15,10,600,4-7;17-20,Spring;Summer;Autumn,Sunny;Cloudy,,
40,1,11,753,4-7;17-20,Spring;Summer;Autumn,Sunny;Cloudy,,
41,6,11,752,4-7;17-20,Spring;Summer;Autumn,Sunny;Cloudy,,
42,3,12,1340,8-16,Spring;Summer;Autumn,Sunny;Cloudy;Rainy,,
43,15,12,1340,8-16,Spring;Summer;Autumn,Sunny;Cloudy;Rainy,,
44,14,12,1338,8-16,Spring;Summer;Autumn,Sunny;Cloudy;Rainy,,
45,6,13,753,7-10;15-18,Spring;Summer;Autumn,Sunny;Cloudy;Rainy,,
46,1,13,752,7-10;15-18,Spring;Summer;Autumn,Sunny;Cloudy;Rainy,,
47,15,13,752,7-10;15-18,Spring;Summer;Autumn,Sunny;Cloudy;Rainy,,
48,4,13,750,7-10;15-18,Spring;Summer;Autumn,Sunny;Cloudy;Rainy,,
49,5,14,1339,7-10;15-18,Spring;Summer;Autumn,Sunny;Cloudy;Rainy,,
50,1,14,1336,7-10;15-18,Spring;Summer;Autumn,Sunny;Cloudy;Rainy,,
51,3,14,1336,7-10;15-18,Spring;Summer;Autumn,Sunny;Cloudy;Rainy,,
52,5,15,2008,6-19,Spring;Summer;Autumn,Sunny;Cloudy;Rainy,,
53,6,15,2007,6-19,Spring;Summer;Autumn,Sunny;Cloudy;Rainy,,
54,3,15,2003,6-19,Spring;Summer;Autumn,Sunny;Cloudy;Rainy,,
55,4,15,1995,6-19,Spring;Summer;Autumn,Sunny;Cloudy;Rainy,,
56,1,15,1994,6-19,Spring;Summer;Autumn,Sunny;Cloudy;Rainy,,
57,6,16,2003,8-16,Spring;Summer;Autumn,Sunny;Cloudy;Rainy,,
58,15,16,2003,8-16,Spring;Summer;Autumn,Sunny;Cloudy;Rainy,,
59,1,16,2002,8-16,Spring;Summer;Autumn,Sunny;Cloudy;Rainy,,
60,3,16,2000,8-16,Spring;Summer;Autumn,Sunny;Cloudy;Rainy,,
61,4,16,1998,8-16,Spring;Summer;Autumn,Sunny;Cloudy;Rainy,,
62,15,17,1339,8-16,Spring;Summer;Autumn,Sunny;Cloudy;Rainy,,
63,4,17,1338,8-16,Spring;Summer;Autumn,Sunny;Cloudy;Rainy,,
64,2,17,1332,8-16,Spring;Summer;Autumn,Sunny;Cloudy;Rainy,,
65,3,17,1331,8-16,Spring;Summer;Autumn,Sunny;Cloudy;Rainy,,
66,14,17,1330,8-16,Spring;Summer;Autumn,Sunny;Cloudy;Rainy,,
67,2,18,753,18-5,Spring;Summer;Autumn,Sunny;Cloudy;Rainy,,
68,1,18,752,18-5,Spring;Summer;Autumn,Sunny;Cloudy;Rainy,,
69,4,18,751,18-5,Spring;Summer;Autumn,Sunny;Cloudy;Rainy,,
70,5,19,753,7-11;15-18,Spring;Summer;Autumn,Sunny;Cloudy,,
71,1,19,753,7-11;15-18,Spring;Summer;Autumn,Sunny;Cloudy,,
72,6,19,752,7-11;15-18,Spring;Summer;Autumn,Sunny;Cloudy,,
73,3,20,754,8-16,Spring;Summer;Autumn,Sunny;Cloudy,,
74,14,20,753,8-16,Spring;Summer;Autumn,Sunny;Cloudy,,
75,6,20,752,8-16,Spring;Summer;Autumn,Sunny;Cloudy,,
76,4,21,1336,8-16,Spring;Summer;Autumn,Sunny;Cloudy,,
77,14,21,1335,8-16,Spring;Summer;Autumn,Sunny;Cloudy,,
78,3,21,1335,8-16,Spring;Summer;Autumn,Sunny;Cloudy,,
79,15,21,1332,8-16,Spring;Summer;Autumn,Sunny;Cloudy,,
80,5,21,1330,8-16,Spring;Summer;Autumn,Sunny;Cloudy,,
81,15,22,2009,18-5,Spring;Summer;Autumn,Sunny;Cloudy;Rainy,,
82,14,22,2009,18-5,Spring;Summer;Autumn,Sunny;Cloudy;Rainy,,
83,4,22,2003,18-5,Spring;Summer;Autumn,Sunny;Cloudy;Rainy,,
84,1,22,2001,18-5,Spring;Summer;Autumn,Sunny;Cloudy;Rainy,,
85,2,22,1996,18-5,Spring;Summer;Autumn,Sunny;Cloudy;Rainy,,
86,2,23,1340,18-5,Spring;Summer;Autumn,Sunny;Cloudy;Rainy,,
87,3,23,1340,18-5,Spring;Summer;Autumn,Sunny;Cloudy;Rainy,,
88,1,23,1333,18-5,Spring;Summer;Autumn,Sunny;Cloudy;Rainy,,
89,3,24,335,7-17,Spring;Summer;Autumn,Sunny;Cloudy;Rainy,,
90,14,24,335,7-17,Spring;Summer;Autumn,Sunny;Cloudy;Rainy,,
91,6,24,334,7-17,Spring;Summer;Autumn,Sunny;Cloudy;Rainy,,
92,1,25,753,8-16,Spring;Summer;Autumn,Sunny;Cloudy;Rainy,,
93,2,25,752,8-16,Spring;Summer;Autumn,Sunny;Cloudy;Rainy,,
94,5,26,286,7-16,Spring;Summer;Autumn,Sunny;Cloudy;Rainy,,
95,15,27,603,18-5,Spring;Summer;Autumn,Sunny;Cloudy;Rainy,,
96,1,27,603,18-5,Spring;Summer;Autumn,Sunny;Cloudy;Rainy,,
97,14,28,753,19-5,Spring;Summer;Autumn,Sunny;Cloudy;Rainy,,
98,1,28,753,19-5,Spring;Summer;Autumn,Sunny;Cloudy;Rainy,,
99,5,29,335,19-5,Spring;Summer;Autumn,Sunny;Cloudy;Rainy,,
100,15,30,1338,19-5,Spring;Summer;Autumn,Sunny;Cloudy;Rainy,,
101,1,30,1338,19-5,Spring;Summer;Autumn,Sunny;Cloudy;Rainy,,
102,3,30,1338,19-5,Spring;Summer;Autumn,Sunny;Cloudy;Rainy,,
103,14,31,754,19-5,Spring;Summer;Autumn,Sunny;Cloudy;Rainy,,
104,4,31,753,19-5,Spring;Summer;Autumn,Sunny;Cloudy;Rainy,,
105,3,31,751,19-5,Spring;Summer;Autumn,Sunny;Cloudy;Rainy,,
106,15,32,1339,19-5,Spring;Summer;Autumn,Sunny;Cloudy;Rainy,,
107,2,32,1336,19-5,Spring;Summer;Autumn,Sunny;Cloudy;Rainy,,
108,4,32,1335,19-5,Spring;Summer;Autumn,Sunny;Cloudy;Rainy,,
109,5,32,1334,19-5,Spring;Summer;Autumn,Sunny;Cloudy;Rainy,,
110,1,32,1332,19-5,Spring;Summer;Autumn,Sunny;Cloudy;Rainy,,
111,6,33,603,19-5,Spring;Summer;Autumn,Sunny;Cloudy;Rainy,,
112,2,33,603,19-5,Spring;Summer;Autumn,Sunny;Cloudy;Rainy,,
113,15,33,602,19-5,Spring;Summer;Autumn,Sunny;Cloudy;Rainy,,
114,3,33,601,19-5,Spring;Summer;Autumn,Sunny;Cloudy;Rainy,,
115,14,34,601,19-5,Spring;Summer;Autumn,Sunny;Cloudy;Rainy,,
116,6,34,600,19-5,Spring;Summer;Autumn,Sunny;Cloudy;Rainy,,
117,2,34,600,19-5,Spring;Summer;Autumn,Sunny;Cloudy;Rainy,,
118,3,34,599,19-5,Spring;Summer;Autumn,Sunny;Cloudy;Rainy,,
119,15,35,753,19-5,Spring;Summer;Autumn,Sunny;Cloudy;Rainy,,
120,1,35,752,19-5,Spring;Summer;Autumn,Sunny;Cloudy;Rainy,,
121,14,35,752,19-5,Spring;Summer;Autumn,Sunny;Cloudy;Rainy,,
122,4,35,752,19-5,Spring;Summer;Autumn,Sunny;Cloudy;Rainy,,
123,6,36,752,19-5,Spring;Summer;Autumn,Sunny;Cloudy;Rainy,,
124,4,36,751,19-5,Spring;Summer;Autumn,Sunny;Cloudy;Rainy,,
125,3,36,750,19-5,Spring;Summer;Autumn,Sunny;Cloudy;Rainy,,
126,5,36,749,19-5,Spring;Summer;Autumn,Sunny;Cloudy;Rainy,,
127,1,37,335,19-5,Spring;Summer;Autumn,Sunny;Cloudy;Rainy,,
128,3,38,150,19-5,Spring;Summer;Autumn,Sunny;Cloudy;Rainy,,
129,2,39,603,5-8;16-19,Spring;Summer;Autumn,Sunny;Cloudy;Rainy,,
130,14,39,602,5-8;16-19,Spring;Summer;Autumn,Sunny;Cloudy;Rainy,,
131,3,39,602,5-8;16-19,Spring;Summer;Autumn,Sunny;Cloudy;Rainy,,
132,15,39,602,5-8;16-19,Spring;Summer;Autumn,Sunny;Cloudy;Rainy,,
133,3,40,752,5-8;16-19,Spring;Summer;Autumn,Sunny;Cloudy;Rainy,,
134,5,40,752,5-8;16-19,Spring;Summer;Autumn,Sunny;Cloudy;Rainy,,
135,2,40,752,5-8;16-19,Spring;Summer;Autumn,Sunny;Cloudy;Rainy,,
136,6,41,601,5-8;16-19,Spring;Summer;Autumn,Sunny;Cloudy;Rainy,,
137,5,41,601,5-8;16-19,Spring;Summer;Autumn,Sunny;Cloudy;Rainy,,
138,14,41,600,5-8;16-19,Spring;Summer;Autumn,Sunny;Cloudy;Rainy,,
139,4,42,753,6-10;16-19,Spring;Summer;Autumn,Sunny;Cloudy,,
140,6,42,753,6-10;16-19,Spring;Summer;Autumn,Sunny;Cloudy,,
141,4,43,602,6-10;16-19,Spring;Summer;Autumn,Sunny;Cloudy;Rainy,,
142,3,43,602,6-10;16-19,Spring;Summer;Autumn,Sunny;Cloudy;Rainy,,
143,15,43,602,6-10;16-19,Spring;Summer;Autumn,Sunny;Cloudy;Rainy,,
144,4,44,601,6-10;15-19,Spring;Summer;Autumn,Sunny;Cloudy,,
145,2,44,600,6-10;15-19,Spring;Summer;Autumn,Sunny;Cloudy,,
146,15,44,600,6-10;15-19,Spring;Summer;Autumn,Sunny;Cloudy,,
147,6,44,599,6-10;15-19,Spring;Summer;Autumn,Sunny;Cloudy,,
148,5,45,335,6-10;15-19,Spring;Autumn;Winter,Sunny;Cloudy,,
149,1,46,2010,8-17,Spring;Summer;Autumn,Sunny;Cloudy;Rainy,,
150,4,46,2006,8-17,Spring;Summer;Autumn,Sunny;Cloudy;Rainy,,
151,6,46,2005,8-17,Spring;Summer;Autumn,Sunny;Cloudy;Rainy,,
152,3,47,2009,8-17,Spring;Summer;Autumn,Sunny;Cloudy;Rainy,,
153,15,47,2006,8-17,Spring;Summer;Autumn,Sunny;Cloudy;Rainy,,
154,14,47,2004,8-17,Spring;Summer;Autumn,Sunny;Cloudy;Rainy,,
155,1,48,754,6-10;15-19,Spring;Summer;Autumn,Sunny;Cloudy;Rainy,,
156,6,48,753,6-10;15-19,Spring;Summer;Autumn,Sunny;Cloudy;Rainy,,
157,5,49,334,5-7;17-20,Spring;Summer;Autumn,Sunny;Cloudy;Rainy,,
158,6,49,334,5-7;17-20,Spring;Summer;Autumn,Sunny;Cloudy;Rainy,,
159,2,49,334,5-7;17-20,Spring;Summer;Autumn,Sunny;Cloudy;Rainy,,
160,6,50,1340,6-10;15-19,Spring;Summer;Autumn;Winter,Sunny;Cloudy;Rainy,,
161,3,50,1338,6-10;15-19,Spring;Summer;Autumn;Winter,Sunny;Cloudy;Rainy,,
162,4,50,1338,6-10;15-19,Spring;Summer;Autumn;Winter,Sunny;Cloudy;Rainy,,
163,15,51,287,6-10;15-19,Spring;Summer;Autumn,Sunny;Cloudy,,
164,4,51,287,6-10;15-19,Spring;Summer;Autumn,Sunny;Cloudy,,
165,5,51,286,6-10;15-19,Spring;Summer;Autumn,Sunny;Cloudy,,
166,1,52,134,6-10;15-19,Spring;Summer;Autumn,Sunny;Cloudy,,
167,14,52,134,6-10;15-19,Spring;Summer;Autumn,Sunny;Cloudy,,
168,4,53,335,0-24,Spring;Summer,Sunny;Cloudy;Rainy,,
169,6,53,334,0-24,Spring;Summer,Sunny;Cloudy;Rainy,,
170,1,53,334,0-24,Spring;Summer,Sunny;Cloudy;Rainy,,
171,14,54,754,6-10;15-19,Spring;Summer;Autumn,Sunny;Cloudy,,
172,6,54,751,6-10;15-19,Spring;Summer;Autumn,Sunny;Cloudy,,
173,15,54,750,6-10;15-19,Spring;Summer;Autumn,Sunny;Cloudy,,
174,1,55,334,5-8;16-20,Spring;Summer;Autumn,Sunny;Cloudy;Rainy,,
175,2,55,333,5-8;16-20,Spring;Summer;Autumn,Sunny;Cloudy;Rainy,,
176,5,56,603,6-10;15-19,Spring;Summer;Autumn,Sunny;Cloudy;Rainy,,
177,6,56,602,6-10;15-19,Spring;Summer;Autumn,Sunny;Cloudy;Rainy,,
178,3,56,602,6-10;15-19,Spring;Summer;Autumn,Sunny;Cloudy;Rainy,,
179,2,57,287,6-10;15-19,Spring;Summer;Autumn,Sunny;Cloudy;Rainy,,
180,1,58,754,6-10;15-19,Spring;Summer;Autumn,Sunny;Cloudy;Rainy,,
181,3,58,753,6-10;15-19,Spring;Summer;Autumn,Sunny;Cloudy;Rainy,,
182,1,59,60,5-9;16-19,Spring;Summer;Autumn,Sunny;Cloudy;Rainy,,
183,5,60,151,7-11;14-17,Spring;Summer;Autumn,Sunny;Cloudy,,
184,4,60,150,7-11;14-17,Spring;Summer;Autumn,Sunny;Cloudy,,
185,15,61,150,5-9;16-19,Spring;Summer;Autumn,Sunny;Cloudy;Rainy,,
186,2,62,287,5-9;16-19,Spring;Summer;Autumn;Winter,Sunny;Cloudy;Rainy,,
187,6,62,287,5-9;16-19,Spring;Summer;Autumn;Winter,Sunny;Cloudy;Rainy,,
188,15,62,286,5-9;16-19,Spring;Summer;Autumn;Winter,Sunny;Cloudy;Rainy,,
189,6,63,55,5-9;16-19,Spring;Summer;Autumn,Sunny;Cloudy;Rainy,,
190,5,64,602,18-5,Spring;Summer;Autumn,Sunny;Cloudy;Rainy,,
191,9,64,602,18-5,Spring;Summer;Autumn,Sunny;Cloudy;Rainy,,
192,4,64,601,18-5,Spring;Summer;Autumn,Sunny;Cloudy;Rainy,,
193,4,65,333,18-5,Spring;Summer;Autumn,Sunny;Cloudy;Rainy,,
194,9,65,333,18-5,Spring;Summer;Autumn,Sunny;Cloudy;Rainy,,
195,5,65,333,18-5,Spring;Summer;Autumn,Sunny;Cloudy;Rainy,,
196,5,66,151,7-11;15-18,Spring;Summer;Autumn,Sunny;Cloudy;Rainy,,
197,7,66,150,7-11;15-18,Spring;Summer;Autumn,Sunny;Cloudy;Rainy,,
198,7,67,287,7-11;14-17,Spring;Summer;Autumn,Sunny;Cloudy,,
199,4,67,286,7-11;14-17,Spring;Summer;Autumn,Sunny;Cloudy,,
200,9,67,285,7-11;14-17,Spring;Summer;Autumn,Sunny;Cloudy,,
201,5,68,286,7-11;15-18,Spring;Summer;Autumn,Sunny;Cloudy;Rainy,,
202,4,69,335,6-10;15-19,Spring;Summer;Autumn,Sunny;Cloudy,,
203,7,70,150,6-10;15-19,Spring;Summer;Autumn,Sunny;Cloudy,,
204,9,70,150,6-10;15-19,Spring;Summer;Autumn,Sunny;Cloudy,,
205,5,71,287,6-10;15-19,Spring;Summer;Autumn,Sunny;Cloudy,,
206,5,72,334,6-10;15-19,Spring;Summer;Autumn,Sunny;Cloudy,,
207,4,72,334,6-10;15-19,Spring;Summer;Autumn,Sunny;Cloudy,,
208,9,73,602,7-11;14-17,Spring;Summer;Autumn,Sunny;Cloudy,,
209,5,73,601,7-11;14-17,Spring;Summer;Autumn,Sunny;Cloudy,,
210,7,73,600,7-11;14-17,Spring;Summer;Autumn,Sunny;Cloudy,,
211,2,74,1336,18-5,Spring;Summer;Autumn,Sunny;Cloudy;Rainy,,
212,15,74,1335,18-5,Spring;Summer;Autumn,Sunny;Cloudy;Rainy,,
213,5,74,1335,18-5,Spring;Summer;Autumn,Sunny;Cloudy;Rainy,,
214,1,74,1332,18-5,Spring;Summer;Autumn,Sunny;Cloudy;Rainy,,
215,6,74,1332,18-5,Spring;Summer;Autumn,Sunny;Cloudy;Rainy,,
216,4,75,753,6-10;15-19,Spring;Summer;Autumn,Sunny;Cloudy;Rainy,,
217,3,75,752,6-10;15-19,Spring;Summer;Autumn,Sunny;Cloudy;Rainy,,
218,5,75,751,6-10;15-19,Spring;Summer;Autumn,Sunny;Cloudy;Rainy,,
219,4,76,754,6-10;15-19,Spring;Summer;Autumn,Sunny;Cloudy;Rainy,,
220,5,76,753,6-10;15-19,Spring;Summer;Autumn,Sunny;Cloudy;Rainy,,
221,15,76,752,6-10;15-19,Spring;Summer;Autumn,Sunny;Cloudy;Rainy,,
222,10,77,750,6-10;16-19,Spring;Summer;Autumn;Winter,Sunny;Cloudy,,
223,9,77,748,6-10;16-19,Spring;Summer;Autumn;Winter,Sunny;Cloudy,,
224,3,48,1339,6-10;15-19,Spring;Summer;Autumn,Sunny;Cloudy;Rainy,,
225,2,48,1338,6-10;15-19,Spring;Summer;Autumn,Sunny;Cloudy;Rainy,,
226,6,48,1337,6-10;15-19,Spring;Summer;Autumn,Sunny;Cloudy;Rainy,,
227,4,48,1337,6-10;15-19,Spring;Summer;Autumn,Sunny;Cloudy;Rainy,,
228,15,48,1337,6-10;15-19,Spring;Summer;Autumn,Sunny;Cloudy;Rainy,,
229,14,78,287,7-11;15-18,Spring;Summer;Autumn,Sunny;Cloudy,,
230,6,78,286,7-11;15-18,Spring;Summer;Autumn,Sunny;Cloudy,,
231,1,78,286,7-11;15-18,Spring;Summer;Autumn,Sunny;Cloudy,,
232,4,79,134,6-10;15-19,Spring;Summer;Autumn,Sunny;Cloudy,,
233,6,79,134,6-10;15-19,Spring;Summer;Autumn,Sunny;Cloudy,,
234,1,80,335,6-10;15-19,Spring;Summer;Autumn,Sunny;Cloudy;Rainy,,
235,15,80,334,6-10;15-19,Spring;Summer;Autumn,Sunny;Cloudy;Rainy,,
236,2,80,334,6-10;15-19,Spring;Summer;Autumn,Sunny;Cloudy;Rainy,,
237,6,81,150,6-10;15-19,Spring;Summer;Autumn,Sunny;Cloudy;Rainy,,
238,14,81,150,6-10;15-19,Spring;Summer;Autumn,Sunny;Cloudy;Rainy,,
239,5,82,287,18-5,Spring;Summer;Autumn,Sunny;Cloudy;Rainy,,
240,9,82,287,18-5,Spring;Summer;Autumn,Sunny;Cloudy;Rainy,,
241,4,82,286,18-5,Spring;Summer;Autumn,Sunny;Cloudy;Rainy,,
242,2,83,60,8-16,Spring;Summer;Autumn,Sunny;Cloudy;Rainy,,
243,4,84,55,19-5,Spring;Summer;Autumn,Sunny;Cloudy;Rainy,,
244,3,85,151,6-10;15-19,Spring;Summer;Autumn,Sunny;Cloudy,,
245,4,85,151,6-10;15-19,Spring;Summer;Autumn,Sunny;Cloudy,,
246,1,86,60,7-11;14-17,Spring;Summer;Autumn,Sunny;Cloudy,,
247,1,87,134,7-11;15-18,Spring;Summer;Autumn,Sunny;Cloudy;Rainy,,
248,14,87,134,7-11;15-18,Spring;Summer;Autumn,Sunny;Cloudy;Rainy,,
249,14,88,600,7-11;15-18,Spring;Summer;Autumn,Sunny;Cloudy,,
250,4,88,600,7-11;15-18,Spring;Summer;Autumn,Sunny;Cloudy,,
251,2,88,599,7-11;15-18,Spring;Summer;Autumn,Sunny;Cloudy,,
252,2,89,151,18-5,Spring;Summer;Autumn,Sunny;Cloudy;Rainy,,
253,6,90,334,7-11;14-17,Spring;Summer;Autumn,Sunny;Cloudy,,
254,3,90,334,7-11;14-17,Spring;Summer;Autumn,Sunny;Cloudy,,
255,3,91,134,7-11;14-17,Spring;Summer;Autumn,Sunny;Cloudy,,
256,5,91,134,7-11;14-17,Spring;Summer;Autumn,Sunny;Cloudy,,
257,5,92,335,18-5,Spring;Summer;Autumn,Sunny;Cloudy;Rainy,,
258,15,92,334,18-5,Spring;Summer;Autumn,Sunny;Cloudy;Rainy,,
259,15,93,287,18-5,Spring;Summer;Autumn,Sunny;Cloudy;Rainy,,
260,1,93,287,18-5,Spring;Summer;Autumn,Sunny;Cloudy;Rainy,,
261,5,94,286,18-5,Spring;Summer;Autumn,Sunny;Cloudy;Rainy,,
262,7,94,286,18-5,Spring;Summer;Autumn,Sunny;Cloudy;Rainy,,
263,9,94,285,18-5,Spring;Summer;Autumn,Sunny;Cloudy;Rainy,,
264,10,95,603,6-10;15-18,Spring;Summer;Autumn,Sunny;Cloudy;Rainy,,
265,9,95,597,6-10;15-18,Spring;Summer;Autumn,Sunny;Cloudy;Rainy,,
266,11,95,422,6-10;15-18,Spring;Summer;Autumn,Sunny;Cloudy;Rainy,,
267,8,95,421,6-10;15-18,Spring;Summer;Autumn,Sunny;Cloudy;Rainy,,
268,9,96,749,6-10;15-18,Spring;Summer;Autumn,Sunny;Cloudy;Rainy,,
269,10,96,748,6-10;15-18,Spring;Summer;Autumn,Sunny;Cloudy;Rainy,,
270,8,96,528,6-10;15-18,Spring;Summer;Autumn,Sunny;Cloudy;Rainy,,
271,7,96,527,6-10;15-18,Spring;Summer;Autumn,Sunny;Cloudy;Rainy,,
272,9,97,602,6-10;15-18,Spring;Summer;Autumn,Sunny;Cloudy;Rainy,,
273,10,97,598,6-10;15-18,Spring;Summer;Autumn,Sunny;Cloudy;Rainy,,
274,7,97,421,6-10;15-18,Spring;Summer;Autumn,Sunny;Cloudy;Rainy,,
275,11,97,420,6-10;15-18,Spring;Summer;Autumn,Sunny;Cloudy;Rainy,,
276,10,98,753,6-10;15-18,Spring;Summer;Autumn,Sunny;Cloudy;Rainy,,
277,9,98,751,6-10;15-18,Spring;Summer;Autumn,Sunny;Cloudy;Rainy,,
278,8,98,528,6-10;15-18,Spring;Summer;Autumn,Sunny;Cloudy;Rainy,,
279,12,98,527,6-10;15-18,Spring;Summer;Autumn,Sunny;Cloudy;Rainy,,
280,9,99,333,5-8;16-19,Spring;Summer;Autumn,Sunny;Cloudy;Rainy,,
281,9,100,134,5-8;16-19,Spring;Summer;Autumn,Sunny;Cloudy;Rainy,,
282,10,100,133,5-8;16-19,Spring;Summer;Autumn,Sunny;Cloudy;Rainy,,
283,9,101,150,5-8;16-19,Spring;Summer;Autumn,Sunny;Cloudy;Rainy,,
284,9,102,150,5-8;16-19,Spring;Summer;Autumn,Sunny;Cloudy;Rainy,,
285,10,102,150,5-8;16-19,Spring;Summer;Autumn,Sunny;Cloudy;Rainy,,
286,9,103,335,5-8;16-19,Spring;Summer;Autumn,Sunny;Cloudy;Rainy,,
287,10,103,334,5-8;16-19,Spring;Summer;Autumn,Sunny;Cloudy;Rainy,,
288,12,103,267,5-8;16-19,Spring;Summer;Autumn,Sunny;Cloudy;Rainy,,
289,9,104,335,5-8;16-19,Spring;Summer;Autumn;Winter,Sunny;Cloudy;Rainy,,
290,10,104,332,5-8;16-19,Spring;Summer;Autumn;Winter,Sunny;Cloudy;Rainy,,
291,10,105,286,18-5,Spring;Summer;Autumn,Sunny;Cloudy;Rainy,,
292,9,105,285,18-5,Spring;Summer;Autumn,Sunny;Cloudy;Rainy,,
293,10,106,751,18-5,Spring;Summer;Autumn,Sunny;Cloudy;Rainy,,
294,9,106,747,18-5,Spring;Summer;Autumn,Sunny;Cloudy;Rainy,,
295,8,106,527,18-5,Spring;Summer;Autumn,Sunny;Cloudy;Rainy,,
296,9,107,1338,18-5,Spring;Summer;Autumn,Sunny;Cloudy;Rainy,,
297,10,107,1330,18-5,Spring;Summer;Autumn,Sunny;Cloudy;Rainy,,
298,8,107,938,18-5,Spring;Summer;Autumn,Sunny;Cloudy;Rainy,,
299,7,107,936,18-5,Spring;Summer;Autumn,Sunny;Cloudy;Rainy,,
300,9,108,751,7-11;14-17,Spring;Summer;Autumn,Sunny;Cloudy,,
301,10,108,750,7-11;14-17,Spring;Summer;Autumn,Sunny;Cloudy,,
302,11,108,600,7-11;14-17,Spring;Summer;Autumn,Sunny;Cloudy,,
303,8,108,528,7-11;14-17,Spring;Summer;Autumn,Sunny;Cloudy,,
304,10,109,754,6-17,Spring;Summer;Autumn,Sunny;Cloudy,,
305,9,109,749,6-17,Spring;Summer;Autumn,Sunny;Cloudy,,
306,11,109,599,6-17,Spring;Summer;Autumn,Sunny;Cloudy,,
307,8,109,529,6-17,Spring;Summer;Autumn,Sunny;Cloudy,,
308,10,110,750,5-9;16-19,Spring;Summer;Autumn,Sunny;Cloudy;Rainy,,
309,9,110,747,5-9;16-19,Spring;Summer;Autumn,Sunny;Cloudy;Rainy,,
310,12,110,600,5-9;16-19,Spring;Summer;Autumn,Sunny;Cloudy;Rainy,,
311,11,110,524,5-9;16-19,Spring;Summer;Autumn,Sunny;Cloudy;Rainy,,
312,9,111,1338,5-9;16-19,Spring;Summer;Autumn,Sunny;Cloudy;Rainy,,
313,10,111,1335,5-9;16-19,Spring;Summer;Autumn,Sunny;Cloudy;Rainy,,
314,12,111,1066,5-9;16-19,Spring;Summer;Autumn,Sunny;Cloudy;Rainy,,
315,8,111,938,5-9;16-19,Spring;Summer;Autumn,Sunny;Cloudy;Rainy,,
316,9,112,334,5-9;16-19,Spring;Summer;Autumn,Sunny;Cloudy;Rainy,,
317,10,112,334,5-9;16-19,Spring;Summer;Autumn,Sunny;Cloudy;Rainy,,
318,12,112,267,5-9;16-19,Spring;Summer;Autumn,Sunny;Cloudy;Rainy,,
319,10,113,1340,6-16,Spring;Summer;Autumn;Winter,Sunny;Cloudy;Rainy,,
320,9,113,1338,6-16,Spring;Summer;Autumn;Winter,Sunny;Cloudy;Rainy,,
321,12,113,1069,6-16,Spring;Summer;Autumn;Winter,Sunny;Cloudy;Rainy,,
322,9,113,750,6-16,Spring;Summer;Autumn;Winter,Sunny;Cloudy;Rainy,,
323,10,113,747,6-16,Spring;Summer;Autumn;Winter,Sunny;Cloudy;Rainy,,
324,12,113,598,6-16,Spring;Summer;Autumn;Winter,Sunny;Cloudy;Rainy,,
325,8,113,524,6-16,Spring;Summer;Autumn;Winter,Sunny;Cloudy;Rainy,,
326,9,114,751,5-9;16-19,Spring;Summer;Autumn,Sunny;Cloudy;Rainy,,
327,10,114,749,5-9;16-19,Spring;Summer;Autumn,Sunny;Cloudy;Rainy,,
328,12,114,600,5-9;16-19,Spring;Summer;Autumn,Sunny;Cloudy;Rainy,,
329,9,115,602,5-9;16-19,Spring;Summer;Autumn,Sunny;Cloudy;Rainy,,
330,10,115,602,5-9;16-19,Spring;Summer;Autumn,Sunny;Cloudy;Rainy,,
331,12,115,480,5-9;16-19,Spring;Summer;Autumn,Sunny;Cloudy;Rainy,,
332,9,116,601,5-9;16-19,Spring;Summer;Autumn,Sunny;Cloudy;Rainy,,
333,10,116,598,5-9;16-19,Spring;Summer;Autumn,Sunny;Cloudy;Rainy,,
334,12,116,478,5-9;16-19,Spring;Summer;Autumn,Sunny;Cloudy;Rainy,,
335,10,117,752,7-11;14-18,Spring;Summer;Autumn,Sunny;Cloudy;Rainy,,
336,9,117,751,7-11;14-18,Spring;Summer;Autumn,Sunny;Cloudy;Rainy,,
337,12,117,601,7-11;14-18,Spring;Summer;Autumn,Sunny;Cloudy;Rainy,,
338,8,117,527,7-11;14-18,Spring;Summer;Autumn,Sunny;Cloudy;Rainy,,
339,10,118,333,5-9;16-19,Spring;Summer;Autumn,Sunny;Cloudy;Rainy,,
340,9,118,332,5-9;16-19,Spring;Summer;Autumn,Sunny;Cloudy;Rainy,,
341,12,118,266,5-9;16-19,Spring;Summer;Autumn,Sunny;Cloudy;Rainy,,
342,10,119,753,7-11;14-18,Spring;Summer;Autumn,Sunny;Cloudy;Rainy,,
343,9,119,747,7-11;14-18,Spring;Summer;Autumn,Sunny;Cloudy;Rainy,,
344,9,120,602,5-8;16-18,Spring;Summer;Autumn,Sunny;Cloudy;Rainy,,
345,10,120,598,5-8;16-18,Spring;Summer;Autumn,Sunny;Cloudy;Rainy,,
346,9,120,478,5-8;16-18,Spring;Summer;Autumn,Sunny;Cloudy;Rainy,,
347,13,120,422,5-8;16-18,Spring;Summer;Autumn,Sunny;Cloudy;Rainy,,
348,9,121,333,5-8;16-18,Spring;Summer;Autumn,Sunny;Cloudy;Rainy,,
349,10,121,333,5-8;16-18,Spring;Summer;Autumn,Sunny;Cloudy;Rainy,,
350,9,121,266,5-8;16-18,Spring;Summer;Autumn,Sunny;Cloudy;Rainy,,
351,10,122,748,18-5,Spring;Summer;Autumn,Sunny;Cloudy;Rainy,,
352,9,122,748,18-5,Spring;Summer;Autumn,Sunny;Cloudy;Rainy,,
353,12,122,602,18-5,Spring;Summer;Autumn,Sunny;Cloudy;Rainy,,
354,9,123,754,5-8;16-18,Spring;Summer;Autumn;Winter,Sunny;Cloudy;Rainy,,
355,10,123,750,5-8;16-18,Spring;Summer;Autumn;Winter,Sunny;Cloudy;Rainy,,
356,9,124,60,6-16,Spring;Summer;Autumn,Sunny;Cloudy,,
357,9,125,149,6-16,Spring;Summer;Autumn,Sunny;Cloudy,,
358,10,126,151,6-16,Spring;Summer;Autumn,Sunny;Cloudy;Rainy,,
359,9,126,150,6-16,Spring;Summer;Autumn,Sunny;Cloudy;Rainy,,
360,9,127,285,6-16,Spring;Summer;Autumn,Sunny;Cloudy,,
361,10,127,284,6-16,Spring;Summer;Autumn,Sunny;Cloudy,,
362,9,128,602,6-16,Spring;Summer;Autumn,Sunny;Cloudy,,
363,10,128,601,6-16,Spring;Summer;Autumn,Sunny;Cloudy,,
364,10,129,60,6-16,Spring;Summer;Autumn,Sunny;Cloudy,,
365,9,130,60,6-16,Spring;Summer;Autumn,Sunny;Cloudy,,
366,10,131,134,18-5,Spring;Summer;Autumn,Sunny;Cloudy;Rainy,,
367,10,132,334,18-5,Spring;Summer;Autumn,Sunny;Cloudy,,
368,9,133,333,7-11;14-17,Spring;Summer;Autumn,Sunny;Cloudy,,
369,10,133,332,7-11;14-17,Spring;Summer;Autumn,Sunny;Cloudy,,
370,11,133,268,7-11;14-17,Spring;Summer;Autumn,Sunny;Cloudy,,
371,9,134,286,6-17,Spring;Summer;Autumn;Winter,Sunny;Cloudy,,
372,10,134,285,6-17,Spring;Summer;Autumn;Winter,Sunny;Cloudy,,
373,9,135,285,6-17,Spring;Summer;Autumn,Sunny;Cloudy,,
374,10,135,285,6-17,Spring;Summer;Autumn,Sunny;Cloudy,,
375,11,135,229,6-17,Spring;Summer;Autumn,Sunny;Cloudy,,
376,10,136,134,6-17,Spring;Summer;Autumn,Sunny;Cloudy,,
377,9,136,133,6-17,Spring;Summer;Autumn,Sunny;Cloudy,,
378,10,137,333,6-17,Spring;Summer;Autumn,Sunny;Cloudy,,
379,10,138,602,6-16,Spring;Summer;Autumn,Sunny;Cloudy,,
380,9,138,602,6-16,Spring;Summer;Autumn,Sunny;Cloudy,,
381,11,138,479,6-16,Spring;Summer;Autumn,Sunny;Cloudy,,
382,13,138,419,6-16,Spring;Summer;Autumn,Sunny;Cloudy,,
383,10,139,151,6-16,Spring;Summer;Autumn,Sunny;Cloudy,,
384,9,139,150,6-16,Spring;Summer;Autumn,Sunny;Cloudy,,
385,10,140,1332,6-10;15-18,Spring;Summer;Autumn,Sunny;Cloudy;Rainy,,
386,9,140,1332,6-10;15-18,Spring;Summer;Autumn,Sunny;Cloudy;Rainy,,
387,11,140,940,6-10;15-18,Spring;Summer;Autumn,Sunny;Cloudy;Rainy,,
388,13,140,931,6-10;15-18,Spring;Summer;Autumn,Sunny;Cloudy;Rainy,,
389,7,140,930,6-10;15-18,Spring;Summer;Autumn,Sunny;Cloudy;Rainy,,
390,10,141,601,6-10;15-18,Spring;Summer;Autumn,Sunny;Cloudy;Rainy,,
391,9,141,599,6-10;15-18,Spring;Summer;Autumn,Sunny;Cloudy;Rainy,,
392,9,142,286,6-10;15-18,Spring;Summer;Autumn,Sunny;Cloudy;Rainy,,
393,9,143,287,5-9;16-19,Spring;Summer;Autumn,Sunny;Cloudy;Rainy,,
394,10,143,286,5-9;16-19,Spring;Summer;Autumn,Sunny;Cloudy;Rainy,,
395,11,143,230,5-9;16-19,Spring;Summer;Autumn,Sunny;Cloudy;Rainy,,
396,9,144,134,5-9;16-19,Spring;Summer;Autumn,Sunny;Cloudy;Rainy,,
397,10,144,133,5-9;16-19,Spring;Summer;Autumn,Sunny;Cloudy;Rainy,,
398,9,145,333,7-11;14-17,Spring;Summer;Autumn,Sunny;Cloudy,,
399,10,145,332,7-11;14-17,Spring;Summer;Autumn,Sunny;Cloudy,,
400,11,145,266,7-11;14-17,Spring;Summer;Autumn,Sunny;Cloudy,,
401,9,146,601,7-11;14-17,Spring;Summer;Autumn,Sunny;Cloudy,,
402,10,146,600,7-11;14-17,Spring;Summer;Autumn,Sunny;Cloudy,,
403,11,146,479,7-11;14-17,Spring;Summer;Autumn,Sunny;Cloudy,,
404,5,147,603,6-10;15-19,Spring;Summer;Autumn,Sunny;Cloudy,,
405,4,147,601,6-10;15-19,Spring;Summer;Autumn,Sunny;Cloudy,,
406,9,147,598,6-10;15-19,Spring;Summer;Autumn,Sunny;Cloudy,,
407,15,148,134,6-10;15-19,Spring;Summer;Autumn,Sunny;Cloudy,,
408,6,148,134,6-10;15-19,Spring;Summer;Autumn,Sunny;Cloudy,,
409,10,149,55,0-24,Spring;Summer;Autumn,Sunny;Cloudy;Rainy,,
410,10,150,60,0-24,Spring;Summer;Autumn,Sunny;Cloudy;Rainy,,
411,9,151,133,0-24,Spring;Summer;Autumn,Sunny;Cloudy,,
412,11,152,55,8-16,Spring;Summer;Autumn,Sunny;Cloudy,,
413,10,153,60,0-24,Spring;Summer;Autumn,Sunny;Cloudy,,
414,9,154,134,0-24,Spring;Summer;Autumn,Sunny;Cloudy,,
415,9,155,287,0-24,Spring;Summer;Autumn,Sunny;Cloudy,,
416,12,156,334,0-24,Spring;Summer;Autumn,Sunny;Cloudy;Rainy,,
417,9,156,334,0-24,Spring;Summer;Autumn,Sunny;Cloudy;Rainy,,
418,11,156,333,0-24,Spring;Summer;Autumn,Sunny;Cloudy;Rainy,,
419,9,157,334,0-24,Spring;Summer;Autumn,Sunny;Cloudy;Rainy,,
420,9,158,602,0-24,Spring;Summer;Autumn,Sunny;Cloudy;Rainy,,
421,11,158,600,0-24,Spring;Summer;Autumn,Sunny;Cloudy;Rainy,,
422,12,158,600,0-24,Spring;Summer;Autumn,Sunny;Cloudy;Rainy,,
423,10,158,598,0-24,Spring;Summer;Autumn,Sunny;Cloudy;Rainy,,
424,10,159,334,0-24,Spring;Summer;Autumn,Sunny;Cloudy;Rainy,,
425,9,159,334,0-24,Spring;Summer;Autumn,Sunny;Cloudy;Rainy,,
426,9,160,60,0-24,Spring;Summer;Autumn,Sunny;Cloudy,,
427,11,161,134,0-24,Spring;Summer;Autumn,Sunny;Cloudy;Rainy,,
428,11,162,754,0-24,Spring;Summer;Autumn,Sunny;Cloudy;Rainy,,
429,10,162,750,0-24,Spring;Summer;Autumn,Sunny;Cloudy;Rainy,,
430,9,162,750,0-24,Spring;Summer;Autumn,Sunny;Cloudy;Rainy,,
431,12,162,750,0-24,Spring;Summer;Autumn,Sunny;Cloudy;Rainy,,
432,11,163,334,0-24,Spring;Summer;Autumn,Sunny;Cloudy;Rainy,,
433,10,163,332,0-24,Spring;Summer;Autumn,Sunny;Cloudy;Rainy,,
434,12,163,332,0-24,Spring;Summer;Autumn,Sunny;Cloudy;Rainy,,
435,8,164,286,18-5,Spring;Summer;Autumn,Sunny;Cloudy;Rainy,,
436,8,165,150,18-5,Spring;Summer;Autumn,Sunny;Cloudy;Rainy,,
437,8,166,598,18-5,Spring;Summer;Autumn,Sunny;Cloudy;Rainy,,
438,7,166,543,18-5,Spring;Summer;Autumn,Sunny;Cloudy;Rainy,,
439,8,167,748,18-5,Spring;Summer;Autumn,Sunny;Cloudy;Rainy,,
440,6,167,678,18-5,Spring;Summer;Autumn,Sunny;Cloudy;Rainy,,
441,8,168,750,18-5,Spring;Summer;Autumn,Sunny;Cloudy;Rainy,,
442,7,168,679,18-5,Spring;Summer;Autumn,Sunny;Cloudy;Rainy,,
443,1,168,678,18-5,Spring;Summer;Autumn,Sunny;Cloudy;Rainy,,
444,8,169,150,18-5,Spring;Summer;Autumn,Sunny;Cloudy;Rainy,,
445,15,169,136,18-5,Spring;Summer;Autumn,Sunny;Cloudy;Rainy,,
446,8,170,601,18-5,Spring;Summer;Autumn,Sunny;Cloudy;Rainy,,
447,6,170,543,18-5,Spring;Summer;Autumn,Sunny;Cloudy;Rainy,,
448,15,170,539,18-5,Spring;Summer;Autumn,Sunny;Cloudy;Rainy,,
449,8,171,748,18-5,Spring;Summer;Autumn,Sunny;Cloudy;Rainy,,
450,9,171,678,18-5,Spring;Summer;Autumn,Sunny;Cloudy;Rainy,,
451,6,171,678,18-5,Spring;Summer;Autumn,Sunny;Cloudy;Rainy,,
452,1,171,678,18-5,Spring;Summer;Autumn,Sunny;Cloudy;Rainy,,
453,8,172,750,18-5,Spring;Summer;Autumn,Sunny;Cloudy;Rainy,,
454,2,172,677,18-5,Spring;Summer;Autumn,Sunny;Cloudy;Rainy,,
455,1,172,677,18-5,Spring;Summer;Autumn,Sunny;Cloudy;Rainy,,
456,6,172,677,18-5,Spring;Summer;Autumn,Sunny;Cloudy;Rainy,,
457,8,173,54,18-5,Spring;Summer;Autumn,Sunny;Cloudy;Rainy,,
458,8,174,754,5-9;16-19,Spring;Summer;Autumn,Sunny;Cloudy;Rainy,,
459,9,174,678,5-9;16-19,Spring;Summer;Autumn,Sunny;Cloudy;Rainy,,
460,8,175,601,5-9;16-19,Spring;Summer;Autumn,Sunny;Cloudy;Rainy,,
461,6,175,542,5-9;16-19,Spring;Summer;Autumn,Sunny;Cloudy;Rainy,,
462,9,175,541,5-9;16-19,Spring;Summer;Autumn,Sunny;Cloudy;Rainy,,
463,1,175,541,5-9;16-19,Spring;Summer;Autumn,Sunny;Cloudy;Rainy,,
464,10,176,287,7-11;15-18,Spring;Summer;Autumn,Sunny;Cloudy;Rainy,,
465,9,176,286,7-11;15-18,Spring;Summer;Autumn,Sunny;Cloudy;Rainy,,
466,7,176,201,7-11;15-18,Spring;Summer;Autumn,Sunny;Cloudy;Rainy,,
467,5,177,2009,6-10;16-19,Spring;Summer;Autumn,Sunny;Cloudy,,
468,15,177,2008,6-10;16-19,Spring;Summer;Autumn,Sunny;Cloudy,,
469,1,177,2006,6-10;16-19,Spring;Summer;Autumn,Sunny;Cloudy,,
470,14,177,2005,6-10;16-19,Spring;Summer;Autumn,Sunny;Cloudy,,
471,6,178,1338,6-10;16-19,Spring;Summer;Autumn,Sunny;Cloudy,,
472,15,178,1337,6-10;16-19,Spring;Summer;Autumn,Sunny;Cloudy,,
473,5,178,1336,6-10;16-19,Spring;Summer;Autumn,Sunny;Cloudy,,
474,2,179,1340,6-10;16-19,Spring;Summer;Autumn,Sunny;Cloudy,,
475,15,179,1340,6-10;16-19,Spring;Summer;Autumn,Sunny;Cloudy,,
476,4,179,1339,6-10;16-19,Spring;Summer;Autumn,Sunny;Cloudy,,
477,14,180,754,6-10;16-19,Spring;Summer;Autumn,Sunny;Cloudy,,
478,4,180,753,6-10;16-19,Spring;Summer;Autumn,Sunny;Cloudy,,
479,15,180,753,6-10;16-19,Spring;Summer;Autumn,Sunny;Cloudy,,
480,6,180,753,6-10;16-19,Spring;Summer;Autumn,Sunny;Cloudy,,
481,14,181,1338,6-10;16-19,Spring;Summer;Autumn,Sunny;Cloudy,,
482,3,181,1336,6-10;16-19,Spring;Summer;Autumn,Sunny;Cloudy,,
483,2,181,1334,6-10;16-19,Spring;Summer;Autumn,Sunny;Cloudy,,
484,4,181,1332,6-10;16-19,Spring;Summer;Autumn,Sunny;Cloudy,,
485,1,181,1332,6-10;16-19,Spring;Summer;Autumn,Sunny;Cloudy,,
486,3,182,754,6-10;16-19,Spring;Summer;Autumn,Sunny;Cloudy;Rainy,,
487,14,182,753,6-10;16-19,Spring;Summer;Autumn,Sunny;Cloudy;Rainy,,
488,1,182,753,6-10;16-19,Spring;Summer;Autumn,Sunny;Cloudy;Rainy,,
489,2,183,602,6-10;16-19,Spring;Summer;Autumn,Sunny;Cloudy,,
490,14,183,601,6-10;16-19,Spring;Summer;Autumn,Sunny;Cloudy,,
491,5,184,335,6-10;16-19,Spring;Summer;Autumn,Sunny;Cloudy,,
492,15,185,602,18-5,Spring;Summer;Autumn,Sunny;Cloudy;Rainy,,
493,14,185,602,18-5,Spring;Summer;Autumn,Sunny;Cloudy;Rainy,,
494,2,185,600,18-5,Spring;Summer;Autumn,Sunny;Cloudy;Rainy,,
495,4,186,334,7-11;14-17,Spring;Summer;Autumn,Sunny;Cloudy,,
496,7,186,334,7-11;14-17,Spring;Summer;Autumn,Sunny;Cloudy,,
497,3,187,151,6-10;15-19,Spring;Summer;Autumn,Sunny;Cloudy,,
498,15,187,151,6-10;15-19,Spring;Summer;Autumn,Sunny;Cloudy,,
499,1,188,603,5-8;16-19,Spring;Summer;Autumn,Sunny;Cloudy;Rainy,,
500,2,188,603,5-8;16-19,Spring;Summer;Autumn,Sunny;Cloudy;Rainy,,
501,4,188,602,5-8;16-19,Spring;Summer;Autumn,Sunny;Cloudy;Rainy,,
502,6,188,602,5-8;16-19,Spring;Summer;Autumn,Sunny;Cloudy;Rainy,,
503,5,189,2003,7-11;15-18,Spring;Summer;Autumn,Sunny;Cloudy;Rainy,,
504,4,189,2002,7-11;15-18,Spring;Summer;Autumn,Sunny;Cloudy;Rainy,,
505,6,189,2002,7-11;15-18,Spring;Summer;Autumn,Sunny;Cloudy;Rainy,,
506,14,190,1339,18-5,Spring;Summer;Autumn,Sunny;Cloudy;Rainy,,
507,2,190,1336,18-5,Spring;Summer;Autumn,Sunny;Cloudy;Rainy,,
508,6,190,1336,18-5,Spring;Summer;Autumn,Sunny;Cloudy;Rainy,,
509,14,191,754,7-11;15-18,Spring;Summer;Autumn,Sunny;Cloudy;Rainy,,
510,3,191,752,7-11;15-18,Spring;Summer;Autumn,Sunny;Cloudy;Rainy,,
511,3,192,1340,7-11;15-18,Spring;Summer;Autumn,Sunny;Cloudy;Rainy,,
512,1,192,1338,7-11;15-18,Spring;Summer;Autumn,Sunny;Cloudy;Rainy,,
513,15,192,1336,7-11;15-18,Spring;Summer;Autumn,Sunny;Cloudy;Rainy,,
514,4,192,1335,7-11;15-18,Spring;Summer;Autumn,Sunny;Cloudy;Rainy,,
515,14,192,1335,7-11;15-18,Spring;Summer;Autumn,Sunny;Cloudy;Rainy,,
516,15,193,335,7-11;15-18,Spring;Summer;Autumn,Sunny;Cloudy;Rainy,,
517,15,194,603,7-11;15-18,Spring;Summer;Autumn,Sunny;Cloudy;Rainy,,
518,4,194,603,7-11;15-18,Spring;Summer;Autumn,Sunny;Cloudy;Rainy,,
519,5,194,602,7-11;15-18,Spring;Summer;Autumn,Sunny;Cloudy;Rainy,,
520,6,194,600,7-11;15-18,Spring;Summer;Autumn,Sunny;Cloudy;Rainy,,
521,4,195,753,7-11;15-18,Spring;Summer;Autumn,Sunny;Cloudy;Rainy,,
522,3,195,752,7-11;15-18,Spring;Summer;Autumn,Sunny;Cloudy;Rainy,,
523,2,195,752,7-11;15-18,Spring;Summer;Autumn,Sunny;Cloudy;Rainy,,
524,14,195,751,7-11;15-18,Spring;Summer;Autumn,Sunny;Cloudy;Rainy,,
525,3,196,335,7-11;15-18,Spring;Summer;Autumn,Sunny;Cloudy;Rainy,,
526,6,196,335,7-11;15-18,Spring;Summer;Autumn,Sunny;Cloudy;Rainy,,
527,6,197,1340,6-10;16-19,Spring;Summer;Autumn;Winter,Sunny;Cloudy;Rainy,,
528,1,197,1339,6-10;16-19,Spring;Summer;Autumn;Winter,Sunny;Cloudy;Rainy,,
529,14,197,1339,6-10;16-19,Spring;Summer;Autumn;Winter,Sunny;Cloudy;Rainy,,
530,3,197,1337,6-10;16-19,Spring;Summer;Autumn;Winter,Sunny;Cloudy;Rainy,,
531,15,197,1332,6-10;16-19,Spring;Summer;Autumn;Winter,Sunny;Cloudy;Rainy,,
532,3,198,286,5-9;16-19,Spring;Summer;Autumn,Sunny;Cloudy;Rainy,,
533,1,198,286,5-9;16-19,Spring;Summer;Autumn,Sunny;Cloudy;Rainy,,
534,15,198,285,5-9;16-19,Spring;Summer;Autumn,Sunny;Cloudy;Rainy,,
535,14,56,600,6-10;15-19,Spring;Summer;Autumn,Sunny;Cloudy;Rainy,,
536,15,56,599,6-10;15-19,Spring;Summer;Autumn,Sunny;Cloudy;Rainy,,
537,4,56,599,6-10;15-19,Spring;Summer;Autumn,Sunny;Cloudy;Rainy,,
538,5,199,753,6-10;15-19,Spring;Summer;Autumn;Winter,Sunny;Cloudy;Rainy,,
539,4,199,752,6-10;15-19,Spring;Summer;Autumn;Winter,Sunny;Cloudy;Rainy,,
540,1,200,600,0-24,Spring;Summer,Sunny;Cloudy;Rainy,,
541,6,200,600,0-24,Spring;Summer,Sunny;Cloudy;Rainy,,
542,2,201,287,6-10;15-19,Spring;Summer;Autumn,Sunny;Cloudy;Rainy,,
543,4,202,286,6-10;16-19,Spring;Summer;Autumn,Sunny;Cloudy,,
544,7,202,286,6-10;16-19,Spring;Summer;Autumn,Sunny;Cloudy,,
545,6,203,335,8-17,Spring;Summer;Autumn,Sunny;Cloudy,,
546,4,203,334,8-17,Spring;Summer;Autumn,Sunny;Cloudy,,
547,1,203,334,8-17,Spring;Summer;Autumn,Sunny;Cloudy,,
548,1,204,151,8-17,Spring;Summer;Autumn,Sunny;Cloudy,,
549,6,204,150,8-17,Spring;Summer;Autumn,Sunny;Cloudy,,
550,4,205,754,8-17,Spring;Summer;Autumn,Sunny;Cloudy;Rainy,,
551,2,205,752,8-17,Spring;Summer;Autumn,Sunny;Cloudy;Rainy,,
552,4,206,753,8-17,Spring;Summer;Autumn,Sunny;Cloudy;Rainy,,
553,2,206,752,8-17,Spring;Summer;Autumn,Sunny;Cloudy;Rainy,,
554,1,206,752,8-17,Spring;Summer;Autumn,Sunny;Cloudy;Rainy,,
555,4,207,1340,8-17,Spring;Summer;Autumn,Sunny;Cloudy;Rainy,,
556,3,207,1337,8-17,Spring;Summer;Autumn,Sunny;Cloudy;Rainy,,
557,1,207,1336,8-17,Spring;Summer;Autumn,Sunny;Cloudy;Rainy,,
558,15,207,1334,8-17,Spring;Summer;Autumn,Sunny;Cloudy;Rainy,,
559,14,207,1334,8-17,Spring;Summer;Autumn,Sunny;Cloudy;Rainy,,
560,15,208,287,8-17,Spring;Summer;Autumn,Sunny;Cloudy;Rainy,,
561,5,208,286,8-17,Spring;Summer;Autumn,Sunny;Cloudy;Rainy,,
562,4,208,286,8-17,Spring;Summer;Autumn,Sunny;Cloudy;Rainy,,
563,2,209,603,8-17,Spring;Summer;Autumn,Sunny;Cloudy;Rainy,,
564,15,209,601,8-17,Spring;Summer;Autumn,Sunny;Cloudy;Rainy,,
565,14,210,150,7-11;15-18,Spring;Summer;Autumn,Sunny;Cloudy;Rainy,,
566,3,210,150,7-11;15-18,Spring;Summer;Autumn,Sunny;Cloudy;Rainy,,
567,3,211,287,19-5,Spring;Summer;Autumn,Sunny;Cloudy;Rainy,,
568,14,211,286,19-5,Spring;Summer;Autumn,Sunny;Cloudy;Rainy,,
569,2,211,286,19-5,Spring;Summer;Autumn,Sunny;Cloudy;Rainy,,
570,5,212,150,19-5,Spring;Summer;Autumn,Sunny;Cloudy;Rainy,,
571,4,212,150,19-5,Spring;Summer;Autumn,Sunny;Cloudy;Rainy,,
572,3,213,134,19-5,Spring;Summer;Autumn,Sunny;Cloudy;Rainy,,
573,15,213,134,19-5,Spring;Summer;Autumn,Sunny;Cloudy;Rainy,,
574,1,214,287,7-11;15-18,Spring;Summer;Autumn,Sunny;Cloudy;Rainy,,
575,3,214,286,7-11;15-18,Spring;Summer;Autumn,Sunny;Cloudy;Rainy,,
576,6,215,60,7-11;15-18,Spring;Summer;Autumn,Sunny;Cloudy,,
577,6,216,754,8-17,Spring;Summer;Autumn,Sunny;Cloudy;Rainy,,
578,5,216,752,8-17,Spring;Summer;Autumn,Sunny;Cloudy;Rainy,,
579,14,216,751,8-17,Spring;Summer;Autumn,Sunny;Cloudy;Rainy,,
580,15,216,749,8-17,Spring;Summer;Autumn,Sunny;Cloudy;Rainy,,
581,4,217,286,7-11;15-18,Spring;Summer;Autumn,Sunny;Cloudy;Rainy,,
582,15,217,286,7-11;15-18,Spring;Summer;Autumn,Sunny;Cloudy;Rainy,,
583,15,218,151,18-5,Spring;Autumn;Winter,Sunny;Cloudy;Rainy,,
584,5,218,150,18-5,Spring;Autumn;Winter,Sunny;Cloudy;Rainy,,
585,4,219,335,18-5,Spring;Summer;Autumn,Sunny;Cloudy;Rainy,,
586,1,220,2006,8-16,Spring;Summer;Autumn,Sunny;Cloudy,,
587,4,220,2004,8-16,Spring;Summer;Autumn,Sunny;Cloudy,,
588,5,220,2003,8-16,Spring;Summer;Autumn,Sunny;Cloudy,,
589,3,221,1340,8-16,Spring;Summer;Autumn,Sunny;Cloudy,,
590,6,221,1339,8-16,Spring;Summer;Autumn,Sunny;Cloudy,,
591,15,221,1337,8-16,Spring;Summer;Autumn,Sunny;Cloudy,,
592,1,221,1335,8-16,Spring;Summer;Autumn,Sunny;Cloudy,,
593,2,222,1340,8-16,Spring;Summer;Autumn,Sunny;Cloudy,,
594,1,222,1339,8-16,Spring;Summer;Autumn,Sunny;Cloudy,,
595,3,222,1338,8-16,Spring;Summer;Autumn,Sunny;Cloudy,,
596,5,222,1338,8-16,Spring;Summer;Autumn,Sunny;Cloudy,,
597,14,223,753,6-10;16-19,Spring;Summer;Autumn,Sunny;Cloudy,,
598,5,223,752,6-10;16-19,Spring;Summer;Autumn,Sunny;Cloudy,,
599,6,223,752,6-10;16-19,Spring;Summer;Autumn,Sunny;Cloudy,,
600,1,223,751,6-10;16-19,Spring;Summer;Autumn,Sunny;Cloudy,,
601,3,224,1337,6-10;16-19,Spring;Summer;Autumn,Sunny;Cloudy;Rainy,,
602,4,224,1336,6-10;16-19,Spring;Summer;Autumn,Sunny;Cloudy;Rainy,,
603,5,224,1336,6-10;16-19,Spring;Summer;Autumn,Sunny;Cloudy;Rainy,,
604,15,224,1334,6-10;16-19,Spring;Summer;Autumn,Sunny;Cloudy;Rainy,,
605,1,225,754,7-11;15-18,Spring;Summer;Autumn,Sunny;Cloudy;Rainy,,
606,15,225,753,7-11;15-18,Spring;Summer;Autumn,Sunny;Cloudy;Rainy,,
607,15,226,603,7-11;15-18,Spring;Summer;Autumn,Sunny;Cloudy;Rainy,,
608,5,226,603,7-11;15-18,Spring;Summer;Autumn,Sunny;Cloudy;Rainy,,
609,1,227,1338,19-5,Spring;Summer;Autumn,Sunny;Cloudy;Rainy,,
610,4,227,1338,19-5,Spring;Summer;Autumn,Sunny;Cloudy;Rainy,,
611,3,227,1338,19-5,Spring;Summer;Autumn,Sunny;Cloudy;Rainy,,
612,4,228,601,18-5,Spring;Summer;Autumn,Sunny;Cloudy;Rainy,,
613,1,228,601,18-5,Spring;Summer;Autumn,Sunny;Cloudy;Rainy,,
614,15,228,601,18-5,Spring;Summer;Autumn,Sunny;Cloudy;Rainy,,
615,3,228,601,18-5,Spring;Summer;Autumn,Sunny;Cloudy;Rainy,,
616,9,229,598,8-16,Spring;Summer;Autumn,Sunny;Cloudy,,
617,10,229,597,8-16,Spring;Summer;Autumn,Sunny;Cloudy,,
618,10,230,602,8-16,Spring;Summer;Autumn,Sunny;Cloudy;Rainy,,
619,9,230,599,8-16,Spring;Summer;Autumn,Sunny;Cloudy;Rainy,,
620,11,230,422,8-16,Spring;Summer;Autumn,Sunny;Cloudy;Rainy,,
621,9,231,601,8-16,Spring;Summer;Autumn,Sunny;Cloudy;Rainy,,
622,10,231,600,8-16,Spring;Summer;Autumn,Sunny;Cloudy;Rainy,,
623,10,232,753,7-11;15-18,Spring;Summer;Autumn,Sunny;Cloudy;Rainy,,
624,9,232,748,7-11;15-18,Spring;Summer;Autumn,Sunny;Cloudy;Rainy,,
625,13,232,527,7-11;15-18,Spring;Summer;Autumn,Sunny;Cloudy;Rainy,,
626,10,233,133,8-16,Spring;Summer;Autumn,Sunny;Cloudy;Rainy,,
627,9,233,133,8-16,Spring;Summer;Autumn,Sunny;Cloudy;Rainy,,
628,10,234,753,8-16,Spring;Summer;Autumn,Sunny;Cloudy;Rainy,,
629,9,234,746,8-16,Spring;Summer;Autumn,Sunny;Cloudy;Rainy,,
630,8,234,528,8-16,Spring;Summer;Autumn,Sunny;Cloudy;Rainy,,
631,11,234,528,8-16,Spring;Summer;Autumn,Sunny;Cloudy;Rainy,,
632,10,235,753,8-16,Spring;Summer;Autumn,Sunny;Cloudy;Rainy,,
633,9,235,747,8-16,Spring;Summer;Autumn,Sunny;Cloudy;Rainy,,
634,9,236,753,8-16,Spring;Summer;Autumn,Sunny;Cloudy;Rainy,,
635,10,236,746,8-16,Spring;Summer;Autumn,Sunny;Cloudy;Rainy,,
636,7,236,526,8-16,Spring;Summer;Autumn,Sunny;Cloudy;Rainy,,
637,10,237,333,8-16,Spring;Summer;Autumn,Sunny;Cloudy;Rainy,,
638,9,237,332,8-16,Spring;Summer;Autumn,Sunny;Cloudy;Rainy,,
639,11,237,235,8-16,Spring;Summer;Autumn,Sunny;Cloudy;Rainy,,
640,10,238,602,8-16,Spring;Summer;Autumn,Sunny;Cloudy;Rainy,,
641,9,238,597,8-16,Spring;Summer;Autumn,Sunny;Cloudy;Rainy,,
642,9,239,1335,6-10;15-18,Spring;Summer;Autumn,Sunny;Cloudy;Rainy,,
643,10,239,1334,6-10;15-18,Spring;Summer;Autumn,Sunny;Cloudy;Rainy,,
644,7,239,932,6-10;15-18,Spring;Summer;Autumn,Sunny;Cloudy;Rainy,,
645,8,239,932,6-10;15-18,Spring;Summer;Autumn,Sunny;Cloudy;Rainy,,
646,10,240,1334,18-5,Spring;Summer;Autumn,Sunny;Cloudy;Rainy,,
647,9,240,1331,18-5,Spring;Summer;Autumn,Sunny;Cloudy;Rainy,,
648,7,240,940,18-5,Spring;Summer;Autumn,Sunny;Cloudy;Rainy,,
649,9,241,1338,6-10;16-19,Spring;Summer;Autumn,Sunny;Cloudy;Rainy,,
650,10,241,1327,6-10;16-19,Spring;Summer;Autumn,Sunny;Cloudy;Rainy,,
651,8,241,936,6-10;16-19,Spring;Summer;Autumn,Sunny;Cloudy;Rainy,,
652,7,241,936,6-10;16-19,Spring;Summer;Autumn,Sunny;Cloudy;Rainy,,
653,9,242,601,8-16,Spring;Summer;Autumn,Sunny;Cloudy;Rainy,,
654,10,242,598,8-16,Spring;Summer;Autumn,Sunny;Cloudy;Rainy,,
655,8,242,421,8-16,Spring;Summer;Autumn,Sunny;Cloudy;Rainy,,
656,12,242,418,8-16,Spring;Summer;Autumn,Sunny;Cloudy;Rainy,,
657,9,243,752,5-9;16-19,Spring;Summer;Autumn,Sunny;Cloudy;Rainy,,
658,10,243,752,5-9;16-19,Spring;Summer;Autumn,Sunny;Cloudy;Rainy,,
659,12,243,597,5-9;16-19,Spring;Summer;Autumn,Sunny;Cloudy;Rainy,,
660,9,244,753,6-10;16-19,Spring;Summer;Autumn,Sunny;Cloudy;Rainy,,
661,10,244,749,6-10;16-19,Spring;Summer;Autumn,Sunny;Cloudy;Rainy,,
662,7,244,527,6-10;16-19,Spring;Summer;Autumn,Sunny;Cloudy;Rainy,,
663,10,245,150,5-9;16-19,Spring;Summer;Autumn,Sunny;Cloudy;Rainy,,
664,9,246,601,0-24,Spring;Summer;Autumn,Sunny;Cloudy;Rainy,,
665,10,246,597,0-24,Spring;Summer;Autumn,Sunny;Cloudy;Rainy,,
666,12,246,477,0-24,Spring;Summer;Autumn,Sunny;Cloudy;Rainy,,
667,11,246,422,0-24,Spring;Summer;Autumn,Sunny;Cloudy;Rainy,,
668,9,247,287,5-9;16-19,Spring;Summer;Autumn,Sunny;Cloudy;Rainy,,
669,10,247,287,5-9;16-19,Spring;Summer;Autumn,Sunny;Cloudy;Rainy,,
670,9,248,602,5-9;16-19,Spring;Summer;Autumn,Sunny;Cloudy;Rainy,,
671,10,248,599,5-9;16-19,Spring;Summer;Autumn,Sunny;Cloudy;Rainy,,
672,12,248,480,5-9;16-19,Spring;Summer;Autumn,Sunny;Cloudy;Rainy,,
673,9,249,151,6-10;15-18,Spring;Summer;Autumn,Sunny;Cloudy;Rainy,,
674,10,250,598,5-9;16-19,Spring;Summer;Autumn,Sunny;Cloudy;Rainy,,
675,9,250,597,5-9;16-19,Spring;Summer;Autumn,Sunny;Cloudy;Rainy,,
676,12,250,479,5-9;16-19,Spring;Summer;Autumn,Sunny;Cloudy;Rainy,,
677,9,251,287,5-9;16-19,Spring;Summer;Autumn,Sunny;Cloudy;Rainy,,
678,10,251,286,5-9;16-19,Spring;Summer;Autumn,Sunny;Cloudy;Rainy,,
679,10,252,133,6-16,Spring;Summer;Autumn,Sunny;Cloudy,,
680,9,253,134,6-16,Spring;Summer;Autumn,Sunny;Cloudy,,
681,9,254,1330,6-16,Spring;Summer;Autumn,Sunny;Cloudy,,
682,10,254,1327,6-16,Spring;Summer;Autumn,Sunny;Cloudy,,
683,11,254,1063,6-16,Spring;Summer;Autumn,Sunny;Cloudy,,
684,9,255,1334,6-17,Spring;Summer;Autumn,Sunny;Cloudy,,
685,10,255,1333,6-17,Spring;Summer;Autumn,Sunny;Cloudy,,
686,11,255,1068,6-17,Spring;Summer;Autumn,Sunny;Cloudy,,
687,8,255,937,6-17,Spring;Summer;Autumn,Sunny;Cloudy,,
688,10,256,1330,18-5,Spring;Summer;Autumn,Sunny;Cloudy;Rainy,,
689,9,256,1330,18-5,Spring;Summer;Autumn,Sunny;Cloudy;Rainy,,
690,11,256,1064,18-5,Spring;Summer;Autumn,Sunny;Cloudy;Rainy,,
691,10,257,2009,7-11;14-17,Spring;Summer;Autumn,Sunny;Cloudy,,
692,9,257,1995,7-11;14-17,Spring;Summer;Autumn,Sunny;Cloudy,,
693,11,257,1593,7-11;14-17,Spring;Summer;Autumn,Sunny;Cloudy,,
694,12,257,1405,7-11;14-17,Spring;Summer;Autumn,Sunny;Cloudy,,
695,8,257,1399,7-11;14-17,Spring;Summer;Autumn,Sunny;Cloudy,,
696,10,258,2001,7-11;14-17,Spring;Summer;Autumn,Sunny;Cloudy,,
697,9,258,1998,7-11;14-17,Spring;Summer;Autumn,Sunny;Cloudy,,
698,11,258,1609,7-11;14-17,Spring;Summer;Autumn,Sunny;Cloudy,,
699,9,259,1337,7-11;14-17,Spring;Summer;Autumn,Sunny;Cloudy,,
700,10,259,1331,7-11;14-17,Spring;Summer;Autumn,Sunny;Cloudy,,
701,11,259,1069,7-11;14-17,Spring;Summer;Autumn,Sunny;Cloudy,,
702,7,259,938,7-11;14-17,Spring;Summer;Autumn,Sunny;Cloudy,,
703,9,260,754,0-24,Spring;Summer,Sunny;Cloudy;Rainy,,
704,10,260,749,0-24,Spring;Summer,Sunny;Cloudy;Rainy,,
705,13,260,527,0-24,Spring;Summer,Sunny;Cloudy;Rainy,,
706,10,261,1337,7-11;14-17,Spring;Summer,Sunny;Cloudy,,
707,9,261,1333,7-11;14-17,Spring;Summer,Sunny;Cloudy,,
708,11,261,1063,7-11;14-17,Spring;Summer,Sunny;Cloudy,,
709,10,262,60,0-24,Spring;Summer;Autumn,Sunny;Cloudy;Rainy,,
710,3,263,335,18-5,Spring;Summer;Autumn;Winter,Sunny;Cloudy;Rainy,,
711,4,263,334,18-5,Spring;Summer;Autumn;Winter,Sunny;Cloudy;Rainy,,
712,14,263,334,18-5,Spring;Summer;Autumn;Winter,Sunny;Cloudy;Rainy,,
713,10,264,335,5-9;16-19,Spring;Summer;Autumn,Sunny;Cloudy;Rainy,,
714,15,265,134,5-9;16-19,Spring;Summer;Autumn,Sunny;Cloudy;Rainy,,
715,1,266,151,18-5,Spring;Summer;Autumn,Sunny;Cloudy;Rainy,,
716,5,267,335,6-10;16-19,Spring;Summer;Autumn,Sunny;Cloudy;Rainy,,
717,2,267,335,6-10;16-19,Spring;Summer;Autumn,Sunny;Cloudy;Rainy,,
718,2,268,603,6-10;16-19,Spring;Summer;Autumn,Sunny;Cloudy;Rainy,,
719,4,268,602,6-10;16-19,Spring;Summer;Autumn,Sunny;Cloudy;Rainy,,
720,5,268,602,6-10;16-19,Spring;Summer;Autumn,Sunny;Cloudy;Rainy,,
721,15,268,601,6-10;16-19,Spring;Summer;Autumn,Sunny;Cloudy;Rainy,,
722,5,269,603,18-5,Spring;Summer;Autumn,Sunny;Cloudy;Rainy,,
723,2,269,602,18-5,Spring;Summer;Autumn,Sunny;Cloudy;Rainy,,
724,14,269,602,18-5,Spring;Summer;Autumn,Sunny;Cloudy;Rainy,,
725,4,269,601,18-5,Spring;Summer;Autumn,Sunny;Cloudy;Rainy,,
726,4,270,751,18-5,Spring;Summer;Autumn,Sunny;Cloudy;Rainy,,
727,6,270,750,18-5,Spring;Summer;Autumn,Sunny;Cloudy;Rainy,,
728,14,270,749,18-5,Spring;Summer;Autumn,Sunny;Cloudy;Rainy,,
729,10,271,334,0-24,Spring;Summer;Autumn,Sunny;Cloudy;Rainy,,
730,11,271,334,0-24,Spring;Summer;Autumn,Sunny;Cloudy;Rainy,,
731,9,272,335,6-10;15-18,Spring;Summer;Autumn,Sunny;Cloudy;Rainy,,
732,10,272,334,6-10;15-18,Spring;Summer;Autumn,Sunny;Cloudy;Rainy,,
733,8,272,268,6-10;15-18,Spring;Summer;Autumn,Sunny;Cloudy;Rainy,,
734,15,273,134,5-9;16-19,Spring;Summer;Autumn,Sunny;Cloudy;Rainy,,
735,5,273,134,5-9;16-19,Spring;Summer;Autumn,Sunny;Cloudy;Rainy,,
736,15,274,335,5-9;16-19,Spring;Summer;Autumn,Sunny;Cloudy;Rainy,,
737,4,274,335,5-9;16-19,Spring;Summer;Autumn,Sunny;Cloudy;Rainy,,
738,3,274,335,5-9;16-19,Spring;Summer;Autumn,Sunny;Cloudy;Rainy,,
739,4,275,60,5-9;16-19,Spring;Summer;Autumn,Sunny;Cloudy;Rainy,,
740,9,276,60,0-24,Spring;Summer;Autumn,Sunny;Cloudy;Rainy,,
741,9,277,60,0-24,Spring;Summer;Autumn,Sunny;Cloudy;Rainy,,
742,9,278,134,0-24,Spring;Summer;Autumn,Sunny;Cloudy;Rainy,,
743,9,279,286,5-8;16-19,Spring;Summer;Autumn,Sunny;Cloudy;Rainy,,
744,10,279,285,5-8;16-19,Spring;Summer;Autumn,Sunny;Cloudy;Rainy,,
745,9,280,754,7-11;14-17,Spring;Summer;Autumn,Sunny;Cloudy,,
746,10,280,750,7-11;14-17,Spring;Summer;Autumn,Sunny;Cloudy,,
747,10,281,151,7-11;14-17,Spring;Summer;Autumn,Sunny;Cloudy,,
748,9,281,150,7-11;14-17,Spring;Summer;Autumn,Sunny;Cloudy,,
749,9,282,150,7-11;14-17,Spring;Summer;Autumn,Sunny;Cloudy,,
750,10,282,150,7-11;14-17,Spring;Summer;Autumn,Sunny;Cloudy,,
751,9,283,598,7-11;15-18,Spring;Summer;Autumn,Sunny;Cloudy;Rainy,,
752,10,283,597,7-11;15-18,Spring;Summer;Autumn,Sunny;Cloudy;Rainy,,
753,13,283,423,7-11;15-18,Spring;Summer;Autumn,Sunny;Cloudy;Rainy,,
754,8,283,422,7-11;15-18,Spring;Summer;Autumn,Sunny;Cloudy;Rainy,,
755,8,284,286,18-5,Spring;Summer;Autumn,Sunny;Cloudy;Rainy,,
756,6,284,258,18-5,Spring;Summer;Autumn,Sunny;Cloudy;Rainy,,
757,9,284,258,18-5,Spring;Summer;Autumn,Sunny;Cloudy;Rainy,,
758,8,285,150,5-9;16-19,Spring;Summer;Autumn,Sunny;Cloudy;Rainy,,
759,8,286,332,5-9;16-19,Spring;Summer;Autumn,Sunny;Cloudy;Rainy,,
760,1,286,301,5-9;16-19,Spring;Summer;Autumn,Sunny;Cloudy;Rainy,,
761,8,287,598,18-5,Spring;Summer;Autumn;Winter,Sunny;Cloudy;Rainy,,
762,2,287,542,18-5,Spring;Summer;Autumn;Winter,Sunny;Cloudy;Rainy,,
763,1,287,542,18-5,Spring;Summer;Autumn;Winter,Sunny;Cloudy;Rainy,,
764,8,288,333,18-5,Spring;Summer;Autumn,Sunny;Cloudy;Rainy,,
765,8,289,750,18-5,Spring;Summer;Autumn,Sunny;Cloudy;Rainy,,
766,15,289,677,18-5,Spring;Summer;Autumn,Sunny;Cloudy;Rainy,,
767,1,289,677,18-5,Spring;Summer;Autumn,Sunny;Cloudy;Rainy,,
768,8,290,602,18-5,Spring;Summer;Autumn,Sunny;Cloudy;Rainy,,
769,1,290,542,18-5,Spring;Summer;Autumn,Sunny;Cloudy;Rainy,,
770,9,290,541,18-5,Spring;Summer;Autumn,Sunny;Cloudy;Rainy,,
771,7,290,540,18-5,Spring;Summer;Autumn,Sunny;Cloudy;Rainy,,
772,8,291,748,18-5,Spring;Summer;Autumn,Sunny;Cloudy;Rainy,,
773,7,291,678,18-5,Spring;Summer;Autumn,Sunny;Cloudy;Rainy,,
774,9,291,678,18-5,Spring;Summer;Autumn,Sunny;Cloudy;Rainy,,
775,8,292,1990,18-5,Spring;Summer;Autumn,Sunny;Cloudy;Rainy,,
776,9,292,1808,18-5,Spring;Summer;Autumn,Sunny;Cloudy;Rainy,,
777,6,292,1806,18-5,Spring;Summer;Autumn,Sunny;Cloudy;Rainy,,
778,8,293,334,18-5,Spring;Summer;Autumn,Sunny;Cloudy;Rainy,,
779,7,293,301,18-5,Spring;Summer;Autumn,Sunny;Cloudy;Rainy,,
780,15,293,300,18-5,Spring;Summer;Autumn,Sunny;Cloudy;Rainy,,
781,8,294,751,5-9;16-19,Spring;Summer;Autumn,Sunny;Cloudy;Rainy,,
782,9,294,678,5-9;16-19,Spring;Summer;Autumn,Sunny;Cloudy;Rainy,,
783,15,294,678,5-9;16-19,Spring;Summer;Autumn,Sunny;Cloudy;Rainy,,
784,2,294,676,5-9;16-19,Spring;Summer;Autumn,Sunny;Cloudy;Rainy,,
785,8,295,333,5-9;16-19,Spring;Summer;Autumn,Sunny;Cloudy;Rainy,,
786,7,295,301,5-9;16-19,Spring;Summer;Autumn,Sunny;Cloudy;Rainy,,
787,9,295,301,5-9;16-19,Spring;Summer;Autumn,Sunny;Cloudy;Rainy,,
788,11,296,602,18-5,Spring;Summer;Autumn,Sunny;Cloudy;Rainy,,
789,12,296,602,18-5,Spring;Summer;Autumn,Sunny;Cloudy;Rainy,,
790,9,296,601,18-5,Spring;Summer;Autumn,Sunny;Cloudy;Rainy,,
791,10,296,600,18-5,Spring;Summer;Autumn,Sunny;Cloudy;Rainy,,
792,12,297,335,5-9;16-19,Spring;Summer;Autumn,Sunny;Cloudy;Rainy,,
793,12,298,151,18-5,Spring;Summer;Autumn,Sunny;Cloudy;Rainy,,
794,10,298,151,18-5,Spring;Summer;Autumn,Sunny;Cloudy;Rainy,,
795,12,299,287,7-11;14-17,Spring;Summer;Autumn,Sunny;Cloudy,,
796,10,299,287,7-11;14-17,Spring;Summer;Autumn,Sunny;Cloudy,,
797,11,299,286,7-11;14-17,Spring;Summer;Autumn,Sunny;Cloudy,,
798,12,300,134,18-5,Spring;Summer;Autumn,Sunny;Cloudy;Rainy,,
799,8,301,107,7-11;14-17,Spring;Summer;Autumn,Sunny;Cloudy,,
800,7,302,120,7-11;14-17,Spring;Summer;Autumn,Sunny;Cloudy,,
801,12,303,1070,5-9;16-19,Spring;Summer;Autumn,Sunny;Cloudy;Rainy,,
802,9,303,1070,5-9;16-19,Spring;Summer;Autumn,Sunny;Cloudy;Rainy,,
803,10,303,1068,5-9;16-19,Spring;Summer;Autumn,Sunny;Cloudy;Rainy,,
804,8,304,600,5-9;16-19,Spring;Summer;Autumn,Sunny;Cloudy;Rainy,,
805,9,304,600,5-9;16-19,Spring;Summer;Autumn,Sunny;Cloudy;Rainy,,
806,11,305,752,7-11;14-17,Spring;Summer;Autumn,Sunny;Cloudy,,
807,10,305,749,7-11;14-17,Spring;Summer;Autumn,Sunny;Cloudy,,
808,12,305,748,7-11;14-17,Spring;Summer;Autumn,Sunny;Cloudy,,
809,9,305,746,7-11;14-17,Spring;Summer;Autumn,Sunny;Cloudy,,
